"年","月","日","季節","樣點","測線編號","測站名稱",潮位,時間 (hh:mm),Temp. (Celsius),"Sal. (/1000)",pH,DO (mg/L),"DO (%)",Turb. (NTU),"亞硝酸鹽氮 NO2 (mg/L)","硝酸鹽氮 NO3 (mg/L)","氨氮 NH3 (mg/L)","正磷酸鹽 PO43- (mg/L)","懸浮固體 SS (mg/L)","光遞減 K 值","淤積深度 (cm)","沙泥面積百分比 (%)","礫石面積百分比 (%)","礁體面積百分比 (%)","水面積百分比 (%)","流向","水深","橋墩直徑","橋墩間隔長度","坡度","流速","造礁珊瑚藻覆蓋率","非造礁珊瑚藻覆蓋率","底表軟體動物數/平方公尺","底表截肢動物數量/平方公尺","底內軟體動物數/平方公尺","底內多毛動物數/平方公尺","底內截肢動物數量/平方公尺"
0,2019,3,26,SP,BY,1.0,BY1-H,H,08:37:00,19.9,31.1,8.12,7.95,87.1,1.95,0.01,0.2,0.17,0.198,15.9,,沙地,25.0,0.0,0.0,0.0,,,,,,,,,,,,,
1,2019,3,26,SP,BY,1.0,BY1-M,M,08:30:00,19.6,32.0,8.11,9.39,102.4,38.0,0.04,0.55,0.14,0.336,81.4,,1.5833333333333333,1.333333,0.166667,23.5,9.166667,,,,,,,,,,,,,
2,2019,3,26,SP,BY,1.0,BY1-L,L,08:21:00,19.9,32.3,8.18,10.36,113.9,45.7,0.03,0.57,0.08,0.282,106.0,,0.13333333333333333,0.333333,0.0,24.66667,3.666667,,,,,,,,,,,,,
3,2019,3,26,SP,BY,2.0,BY2-H,H,09:30:00,20.2,32.9,8.55,11.23,124.1,4.77,0.03,0.38,0.06,0.184,31.0,,2.5666666666666664,5.166667,1.5,18.33333,8.166667,,,,,,,,,,,,,
4,2019,3,26,SP,BY,2.0,BY2-M,M,09:21:00,20.1,32.7,8.73,12.0,132.3,4.26,0.02,0.35,0.05,0.174,15.0,,2.6166666666666667,4.5,2.0,18.5,7.333333,,,,,,,,,,,,,
5,2019,3,26,SP,BY,2.0,BY2-L,L,09:03:00,19.8,32.1,8.42,9.82,107.6,19.4,0.02,0.46,0.04,0.213,39.9,,4.016666666666667,3.5,0.666667,20.83333,6.0,,,,,,,,,,,,,
6,2019,3,26,SP,BY,3.0,BY3-H,H,07:45:00,19.2,32.1,8.16,10.35,112.1,4.89,0.02,0.48,0.07,0.134,37.0,,沙地,25.0,0.0,0.0,0.0,,,,,,,,,,,,,
7,2019,3,26,SP,BY,3.0,BY3-M,M,07:37:00,19.4,32.2,8.11,9.99,108.5,22.6,0.04,0.45,0.14,0.321,52.5,,2.816666666666667,5.333333,0.066667,19.6,5.5,,,,,,,,,,,,,
8,2019,3,26,SP,BY,3.0,BY3-L,L,07:28:00,19.5,32.1,8.09,10.12,110.2,28.3,0.03,0.47,0.11,0.297,56.6,,0.08333333333333333,0.0,0.166667,24.83333,4.5,,,,,,,,,,,,,
9,2019,4,8,SP,G1,,G1-H,H,17:46:00,25.9,34.1,8.11,8.41,103.3,5.29,0.02,0.09,0.03,0.075,16.1,,3.3833333333333333,,,,,,,,,,,,,,,,,
10,2019,4,8,SP,G1,,G1-M,M,17:39:00,25.7,34.2,8.07,9.59,117.2,5.15,0.02,0.1,0.02,0.045,16.6,,5.133333333333334,,,,,,,,,,,,,,,,,
11,2019,4,8,SP,G1,,G1-L,L,17:33:00,25.4,34.2,8.07,8.96,109.4,9.05,0.02,0.09,0.04,0.055,14.5,,2.983333333333333,,,,,,,,,,,,,,,,,
12,2019,3,27,SP,G2,,G2-H,H,09:08:00,21.0,32.5,8.06,11.33,131.7,16.75,0.04,0.49,0.11,0.341,41.5,,1,,,,,,,,,,,,,,,,,
13,2019,3,27,SP,G2,,G2-M,M,09:00:00,22.9,32.7,8.41,15.06,188.5,2.78,0.02,0.44,0.09,0.194,13.4,,0.15,,,,,,,,,,,,,,,,,
14,2019,3,27,SP,G2,,G2-L,L,08:53:00,21.5,32.6,8.32,11.58,141.3,9.29,0.02,0.47,0.09,0.179,28.7,,0.3166666666666667,,,,,,,,,,,,,,,,,
15,2019,3,27,SP,G3,,G3-H,H,,,,,,,,,,,,,,沙地,25.0,0.0,0.0,0.0,,,,,,,,,,,,,
16,2019,3,27,SP,G3,,G3-M,M,,,,,,,,,,,,,,沙地,25.0,0.0,0.0,0.0,,,,,,,,,,,,,
17,2019,3,27,SP,G3,,G3-L,L,08:10:00,21.3,33.69,8.04,8.41,101.0,22.6,0.04,0.3,0.07,0.218,77.8,,沙地,25.0,0.0,0.0,0.0,,,,,,,,,,,,,
18,2019,3,27,SP,KS,1.0,KS1-H,H,07:54:00,21.3,33.0,8.22,10.24,115.6,13.24,0.01,0.31,0.04,0.164,48.0,,1.2166666666666668,0.0,0.25,24.75,3.666667,,,,,,,,,,,,,
19,2019,3,27,SP,KS,1.0,KS1-M,M,07:57:00,21.1,33.1,8.24,10.12,113.7,11.94,0.01,0.3,0.05,0.149,35.7,,0.7000000000000001,2.0,1.0,22.0,2.0,,,,,,,,,,,,,
20,2019,3,27,SP,KS,1.0,KS1-L,L,08:07:00,21.4,33.1,8.21,10.59,119.8,8.67,0.03,0.29,0.06,0.159,43.9,,0.3333333333333333,6.333333,0.0,18.66667,9.0,,,,,,,,,,,,,
21,2019,3,27,SP,KS,2.0,KS2-H,H,09:11:00,23.7,32.4,8.67,13.69,161.9,5.86,0.01,0.22,0.05,0.105,22.4,,1.3333333333333333,1.0,1.833333,22.16667,4.333333,,,,,,,,,,,,,
22,2019,3,27,SP,KS,2.0,KS2-M,M,09:01:00,23.5,32.3,8.36,10.79,127.4,4.31,<0.01,0.42,0.07,0.149,73.2,,1.3166666666666667,3.0,7.833333,14.16667,8.333333,,,,,,,,,,,,,
23,2019,3,27,SP,KS,2.0,KS2-L,L,08:50:00,22.1,33.5,8.23,10.61,121.6,17.3,0.02,0.21,0.06,0.184,60.6,,0.6666666666666666,0.333333,4.333333,20.33333,10.0,,,,,,,,,,,,,
24,2019,3,27,SP,KS,3.0,KS3-H,H,09:52:00,25.6,32.6,8.41,18.52,224.3,3.1,ND<0.00095,0.34,0.06,0.075,11.8,,0.9333333333333335,0.333333,2.666667,22.0,0.0,,,,,,,,,,,,,
25,2019,3,27,SP,KS,3.0,KS3-M,M,09:44:00,23.6,33.7,8.39,12.41,146.5,8.73,0.02,0.18,0.1,0.12,35.8,,0.6166666666666667,0.0,1.5,23.5,0.333333,,,,,,,,,,,,,
26,2019,3,27,SP,KS,3.0,KS3-L,L,09:37:00,24.5,33.8,8.54,15.77,190.41,6.3,0.01,0.16,0.06,0.105,28.4,,0.4166666666666667,0.666667,1.333333,23.0,0.0,,,,,,,,,,,,,
27,2019,5,21,SP,BY,1.0,BY1-H,H,05:30:00,22.2,28.8,7.84,8.12,93.7,1.95,0.03,0.39,0.13,0.201,,2.034276881497924,2.5,3.6666667,2.5,18.833333,9.3333333,,,,,,,0.05,0.25,,,,,
28,2019,5,21,SP,BY,1.0,BY1-M,M,05:39:00,23.9,29.8,7.97,8.18,97.3,38.0,0.02,0.35,0.16,0.224,,1.556938900100639,2.5833333333333335,2.1666667,4.8333333,18.0,6.3333333,,,,,,,0.45,0.02,,,,,
29,2019,5,21,SP,BY,1.0,BY1-L,L,05:50:00,24.7,29.8,7.98,8.28,99.4,45.7,0.02,0.35,0.13,0.828,,2.1873192048979497,3.25,3.1666667,1.3333333,20.5,4.5,,,,,,,0.76,0.0,,,,,
30,2019,5,21,SP,BY,2.0,BY2-H,H,06:00:00,21.9,24.6,8.05,8.03,92.6,4.77,0.01,0.4,0.08,0.178,,0.8909433698138739,2.5166666666666666,5.0,0.7333333,19.266667,5.8333333,,,,,,,0.15,0.25,,,,,
31,2019,5,21,SP,BY,2.0,BY2-M,M,06:05:00,22.8,28.8,8.0,8.52,99.4,4.26,0.02,0.31,0.1,0.035,,2.16223108469636,2.65,2.6666667,2.8333333,19.5,3.5,,,,,,,0.35,0.25,,,,,
32,2019,5,21,SP,BY,2.0,BY2-L,L,06:10:00,23.6,27.5,8.08,8.55,101.0,19.4,0.02,0.36,0.11,0.432,,1.131709068276604,2.3833333333333333,5.3333333,1.8333333,17.833333,6.3333333,,,,,,,0.45,0.16,,,,,
33,2019,5,21,SP,BY,3.0,BY3-H,H,06:30:00,23.1,29.7,8.08,8.39,98.3,4.89,0.02,0.3,0.11,0.293,,1.066478223161707,2.4833333333333334,1.6666667,4.1666667,19.166667,6.3333333,,,,,,,0.35,0.0,,,,,
34,2019,5,21,SP,BY,3.0,BY3-M,M,06:25:00,24.0,30.1,8.04,8.07,95.8,22.6,0.02,0.32,0.14,0.075,,4.616130731066463,0.6833333333333335,0.6666667,0.5666667,23.766667,2.8333333,,,,,,,0.05,0.65,,,,,
35,2019,5,21,SP,BY,3.0,BY3-L,L,06:20:00,24.4,29.5,8.05,8.26,99.3,28.3,0.02,0.32,0.11,0.303,,3.528380681381467,1.0000000000000002,0.5,0.5,24.0,8.1666667,,,,,,,0.55,0.12,,,,,
36,2019,5,20,SP,G1,1.0,G1-1-H,H,06:25:00,26.7,31.9,8.06,7.94,99.5,5.29,0.02,0.06,0.07,0.171,,3.3812754991699188,1.3,3.6666667,0.2333333,21.1,11.166667,,,,,,,0.55,0.0,,,,,
37,2019,5,20,SP,G1,1.0,G1-1-M,M,06:20:00,26.8,32.9,8.02,7.95,99.8,5.15,ND<0.0095,0.06,0.06,0.121,,2.3680896650876626,2.1999999999999997,2.6666667,0.0,22.333333,8.6666667,,,,,,,0.77,0.0,,,,,
38,2019,5,20,SP,G1,1.0,G1-1-L,L,06:10:00,27.0,33.1,8.0,7.87,99.0,9.05,ND<0.0095,0.05,0.04,0.135,,1.5001955585596427,0.7166666666666668,2.0,0.0,23.0,12.5,,,,,,,0.82,0.0,,,,,
39,2019,5,20,SP,G1,3.0,G1-3-H,H,05:44:00,27.0,33.6,7.93,7.25,91.6,16.75,ND<0.0095,0.05,0.08,0.067,,0.7455616817228022,0.39999999999999997,0.0,1.0,24.0,12.333333,,,,,,,0.67,0.0,,,,,
40,2019,5,20,SP,G1,3.0,G1-3-M,M,05:52:00,27.0,33.6,7.94,7.27,91.0,2.78,ND<0.0095,0.02,0.08,0.059,,3.4948203009491454,1.3499999999999999,5.3333333,0.0,19.666667,14.666667,,,,,,,0.7,0.0,,,,,
41,2019,5,20,SP,G1,3.0,G1-3-L,L,06:00:00,27.2,33.6,8.02,7.63,96.0,9.29,ND<0.0095,0.05,0.15,0.083,,3.5754640368887336,1.3666666666666665,9.6666667,0.0,15.333333,13.0,,,,,,,0.67,0.0,,,,,
42,2019,5,20,SP,G2,1.0,G2-1-H,H,06:00:00,26.9,33.1,7.87,7.44,92.8,6.2,ND<0.0095,0.04,0.08,0.074,,0.669572753723936,1.883333333333333,2.5,1.3333333,21.166667,8.0,,,,,,,0.0,0.27,,,,,
43,2019,5,20,SP,G2,1.0,G2-1-M,M,05:55:00,27.1,33.0,8.0,7.62,95.4,6.0,ND<0.0095,0.04,0.07,0.065,,0.4405998979403049,1.0166666666666666,0.5,0.0,24.5,8.1666667,,,,,,,0.05,0.27,,,,,
44,2019,5,20,SP,G2,1.0,G2-1-L,L,05:48:00,27.3,33.2,7.94,7.48,94.3,11.4,ND<0.0095,0.05,0.04,0.069,,0.5499895400207785,1.1333333333333335,1.0,0.0,24.0,7.8333333,,,,,,,0.43,0.01,,,,,
45,2019,5,20,SP,G2,3.0,G2-3-H,H,06:33:00,26.7,32.1,7.83,5.85,72.9,5.6,ND<0.0095,0.08,0.08,0.072,,0.870113769896297,0.5166666666666667,0.8333333,0.0,24.166667,9.3333333,,,,,,,0.0,0.12,,,,,
46,2019,5,20,SP,G2,3.0,G2-3-M,M,06:28:00,26.6,33.2,7.81,6.41,79.9,3.8,ND<0.0095,0.05,0.06,0.042,,1.3870986442435507,0.7833333333333332,2.6666667,0.0,22.333333,12.666667,,,,,,,0.07,0.19,,,,,
47,2019,5,20,SP,G2,3.0,G2-3-L,L,06:19:00,27.0,33.2,7.75,5.78,72.3,11.2,ND<0.0095,0.09,0.06,0.07,,1.6185985437597161,0.2833333333333333,1.3333333,0.0,23.666667,6.0,,,,,,,0.75,0.02,,,,,
48,2019,5,21,SP,KS,1.0,KS1-H,H,05:31:00,23.4,31.8,7.84,7.02,82.0,7.0,0.02,0.16,0.07,0.192,,2.385518923244783,0.7666666666666666,6.0,0.0,19.0,6.6666667,,,,,,,0.037,0.177,,,,,
49,2019,5,21,SP,KS,1.0,KS1-M,M,05:46:00,25.3,32.1,8.02,7.74,93.6,40.3,0.02,0.1,0.08,0.275,,1.5725758813073831,0.3833333333333333,8.3333333,2.6666667,14.0,8.0,,,,,,,0.187,0.153,,,,,
50,2019,5,21,SP,KS,1.0,KS1-L,L,05:53:00,24.6,31.8,8.04,8.41,100.6,57.3,ND<0.0095,0.13,0.08,0.22,,2.5223992580184906,0.15,2.6666667,0.3333333,22.0,12.333333,,,,,,,0.27,0.14,,,,,
51,2019,5,21,SP,KS,2.0,KS2-H,H,06:24:00,22.3,27.9,7.98,9.09,104.1,4.3,0.03,0.27,0.17,0.215,,1.8971425466501486,1.9833333333333336,11.333333,3.3333333,10.333333,10.333333,,,,,,,0.0,0.837,,,,,
52,2019,5,21,SP,KS,2.0,KS2-M,M,06:32:00,22.1,28.0,8.17,10.2,116.3,2.0,0.02,0.37,0.07,0.174,,1.8799946662323135,1.0333333333333332,4.0,7.3333333,13.666667,11.0,,,,,,,0.41,0.19,,,,,
53,2019,5,21,SP,KS,2.0,KS2-L,L,06:39:00,23.3,23.2,8.04,9.15,106.7,14.4,0.07,0.56,0.28,0.289,,3.2877660223297194,0.2333333333333333,1.3333333,6.3333333,17.333333,12.0,,,,,,,0.723,0.027,,,,,
54,2019,5,21,SP,KS,3.0,KS3-H,H,07:14:00,23.0,32.5,8.06,9.79,113.9,8.6,ND<0.0095,0.13,0.06,0.197,,0.7167701298952311,1.2166666666666666,4.6666667,6.3333333,14.0,3.0,,,,,,,0.05,0.407,,,,,
55,2019,5,21,SP,KS,3.0,KS3-M,M,07:12:00,23.5,32.7,8.12,9.53,111.9,6.9,ND<0.0095,0.11,0.02,0.023,,1.6627590815076572,0.9333333333333332,8.0,2.0,15.0,4.6666667,,,,,,,0.273,0.273,,,,,
56,2019,5,21,SP,KS,3.0,KS3-L,L,07:06:00,23.4,32.7,8.01,9.9,116.6,9.3,ND<0.0095,0.14,0.07,0.032,,1.3669961037074614,1.05,10.333333,3.3333333,11.333333,14.333333,,,,,,,0.66,0.053,,,,,
57,2019,5,21,,KS,1.0,KS1滿,滿,12:46:00,26.3,32.8,8.05,8.22,101.9,76.0,ND<0.0095,0.07,0.07,0.266,,,,,,,,,,,,,,,,,,,,
58,2019,5,21,,KS,2.0,KS2滿,滿,12:29:00,26.7,28.3,8.03,8.06,100.5,73.0,0.04,0.19,0.18,0.307,,,,,,,,,,,,,,,,,,,,
59,2019,5,21,,KS,3.0,KS3滿,滿,12:16:00,26.4,32.0,8.07,8.1,100.0,182.0,0.02,0.1,0.09,0.602,,,,,,,,,,,,,,,,,,,,
60,2019,5,21,,G1,,G1滿,滿,12:30:00,26.3,32.2,7.87,8.26,102.5,117.0,0.02,0.12,0.09,0.224,,,,,,,,,,,,,,,,,,,,
61,2019,5,21,,G2,,G2滿,滿,12:59:00,26.0,32.2,8.08,8.24,101.8,173.0,0.01,0.12,0.07,0.155,,,,,,,,,,,,,,,,,,,,
62,2019,7,2,SM,BY,1.0,BY1-H,H,16:30:00,30.9,28.3,8.67,9.19,123.4,2.0,ND<0.00095,0.02,0.16,0.012,,,0.7999999999999999,,,,,,,,,,,0.07,0.03,,,,,
63,2019,7,2,SM,BY,1.0,BY1-M,M,16:21:00,30.8,31.4,8.3,7.99,106.7,4.0,<0.01,0.02,0.12,0.044,,,1.1666666666666667,,,,,,,,,,,0.32,0.03,,,,,
64,2019,7,2,SM,BY,1.0,BY1-L,L,15:57:00,31.7,30.2,8.4,6.71,91.1,27.8,<0.01,0.03,0.1,0.095,,,1.15,,,,,,,,,,,0.45,0.0,,,,,
65,2019,7,2,SM,BY,2.0,BY2-H,H,16:38:00,29.8,20.2,8.47,7.29,96.2,3.9,0.01,0.18,0.07,0.055,,,1.5166666666666666,,,,,,,,,,,0.17,0.25,,,,,
66,2019,7,2,SM,BY,2.0,BY2-M,M,16:45:00,30.1,27.2,8.48,9.48,125.6,8.8,<0.01,0.03,0.07,0.045,,,0.6166666666666667,,,,,,,,,,,0.25,0.17,,,,,
67,2019,7,2,SM,BY,2.0,BY2-L,L,16:51:00,29.3,29.8,8.49,7.81,101.8,3.1,<0.01,0.03,0.09,0.037,,,1.3999999999999997,,,,,,,,,,,0.62,0.0,,,,,
68,2019,7,2,SM,BY,3.0,BY3-H,H,17:13:00,29.4,31.4,8.18,5.6,73.5,4.1,0.01,0.1,0.09,0.065,,,0.7999999999999999,,,,,,,,,,,0.38,0.05,,,,,
69,2019,7,2,SM,BY,3.0,BY3-M,M,17:05:00,29.1,30.9,8.39,7.31,95.2,15.1,0.01,0.26,0.09,0.086,,,1.4666666666666668,,,,,,,,,,,0.33,0.35,,,,,
70,2019,7,2,SM,BY,3.0,BY3-L,L,16:59:00,30.4,32.8,8.29,7.76,103.6,9.0,<0.01,0.04,0.07,0.051,,,0.9166666666666666,,,,,,,,,,,0.5,0.04,,,,,
71,2019,7,3,SM,G1,1.0,G1-1-H,H,15:38:00,29.5,29.0,8.23,7.63,100.1,24.3,0.01,0.09,0.07,0.053,,,2.1166666666666667,,,,,,,,,,,0.06,0.0,,,,,
72,2019,7,3,SM,G1,1.0,G1-1-M,M,15:45:00,29.5,33.9,8.29,8.97,117.5,28.3,ND<0.00095,0.03,0.05,0.066,,,1.366666666666667,,,,,,,,,,,0.65,0.0,,,,,
73,2019,7,3,SM,G1,1.0,G1-1-L,L,15:48:00,29.5,33.9,8.3,9.1,119.3,18.6,ND<0.00095,0.03,0.06,0.037,,,1.2833333333333334,,,,,,,,,,,0.55,0.0,,,,,
74,2019,7,3,SM,G1,3.0,G1-3-H,H,16:15:00,29.0,33.9,8.39,9.88,128.7,4.6,ND<0.00095,0.04,0.04,0.035,,,1.3833333333333335,,,,,,,,,,,0.62,0.0,,,,,
75,2019,7,3,SM,G1,3.0,G1-3-M,M,16:08:00,29.2,33.9,8.27,8.68,113.2,17.3,ND<0.00095,0.05,0.05,0.085,,,1.0666666666666667,,,,,,,,,,,0.15,0.0,,,,,
76,2019,7,3,SM,G1,3.0,G1-3-L,L,16:00:00,29.1,33.9,8.32,9.2,119.8,21.0,0.02,0.03,0.03,0.105,,,0.3833333333333333,,,,,,,,,,,0.66,0.0,,,,,
77,2019,7,3,SM,G2,1.0,G2-1-H,H,15:48:00,29.5,33.8,8.25,7.96,103.6,12.3,ND<0.00095,0.02,0.03,0.086,,,4.333333333333333,,,,,,,,,,,0.0,0.15,,,,,
78,2019,7,3,SM,G2,1.0,G2-1-M,M,15:43:00,29.8,33.7,8.22,7.97,103.9,11.8,ND<0.00095,0.02,0.03,0.074,,,1.1500000000000001,,,,,,,,,,,0.0,0.07,,,,,
79,2019,7,3,SM,G2,1.0,G2-1-L,L,15:36:00,29.9,33.7,8.28,8.21,107.0,14.9,ND<0.00095,0.03,0.04,0.057,,,0.21666666666666665,,,,,,,,,,,0.33,0.01,,,,,
80,2019,7,3,SM,G2,3.0,G2-3-H,H,16:29:00,28.8,34.5,8.86,10.3,133.7,15.6,ND<0.00095,0.02,0.05,0.051,,,1.05,,,,,,,,,,,0.03,0.08,,,,,
81,2019,7,3,SM,G2,3.0,G2-3-M,M,16:22:00,29.2,33.9,8.48,8.71,112.8,3.8,ND<0.00095,0.04,0.05,0.037,,,0.9666666666666667,,,,,,,,,,,0.45,0.0,,,,,
82,2019,7,3,SM,G2,3.0,G2-3-L,L,16:07:00,29.8,33.7,8.24,8.0,104.0,12.4,ND<0.00095,0.04,0.06,0.06,,,0.65,,,,,,,,,,,0.35,0.05,,,,,
83,2019,7,2,SM,KS,1.0,KS1-H,H,17:32:00,30.6,32.7,8.21,7.13,94.4,2.2,<0.01,0.13,0.1,0.074,,,0.4666666666666666,,,,,,,,,,,0.04,0.03,,,,,
84,2019,7,2,SM,KS,1.0,KS1-M,M,17:25:00,30.3,32.1,8.8,7.29,95.8,3.5,<0.01,0.11,0.06,0.086,,,1.0833333333333333,,,,,,,,,,,0.033,0.023,,,,,
85,2019,7,2,SM,KS,1.0,KS1-L,L,17:17:00,30.0,32.8,8.18,7.44,97.7,6.5,0.01,0.11,0.07,0.098,,,1.6166666666666665,,,,,,,,,,,0.3,0.053,,,,,
86,2019,7,2,SM,KS,2.0,KS2-H,H,16:48:00,30.8,33.7,8.36,7.73,102.3,1.1,ND<0.00095,ND<0.011,0.07,0.054,,,0.9666666666666667,,,,,,,,,,,0.113,0.247,,,,,
87,2019,7,2,SM,KS,2.0,KS2-M,M,16:40:00,30.5,33.8,8.26,7.73,102.3,2.2,ND<0.00095,0.05,0.04,0.088,,,0.8666666666666666,,,,,,,,,,,0.233,0.2,,,,,
88,2019,7,2,SM,KS,2.0,KS2-L,L,16:24:00,31.1,33.4,8.28,7.65,101.3,6.5,ND<0.00095,0.03,0.06,0.082,,,1.0999999999999999,,,,,,,,,,,0.467,0.083,,,,,
89,2019,7,2,SM,KS,3.0,KS3-H,H,15:59:00,32.0,33.1,8.23,7.76,104.4,6.9,ND<0.00095,0.02,0.07,0.071,,,2.4666666666666663,,,,,,,,,,,0.0,0.16,,,,,
90,2019,7,2,SM,KS,3.0,KS3-M,M,15:51:00,32.4,33.1,8.22,8.2,109.1,3.1,<0.01,0.03,0.06,0.059,,,0.9166666666666666,,,,,,,,,,,0.027,0.17,,,,,
91,2019,7,2,SM,KS,3.0,KS3-L,L,15:48:00,31.6,32.8,8.11,8.2,105.2,8.2,ND<0.00095,0.02,0.04,0.084,,,0.35000000000000003,,,,,,,,,,,0.643,0.017,,,,,
92,2019,7,3,,KS,1.0,KS1滿,滿,12:01:00,29.6,32.5,8.15,7.82,102.6,46.8,0.02,0.02,0.08,0.094,,,,,,,,,,,,,,,,,,,,
93,2019,7,3,,KS,2.0,KS2滿,滿,11:50:00,29.6,33.2,8.8,7.69,100.5,44.0,ND<0.00095,0.01,0.05,0.088,,,,,,,,,,,,,,,,,,,,
94,2019,7,3,,KS,3.0,KS3滿,滿,11:38:00,29.6,33.0,8.16,7.68,100.6,30.0,ND<0.00095,0.02,0.05,0.055,,,,,,,,,,,,,,,,,,,,
95,2019,7,3,,G1,,G1滿,滿,11:54:00,30.5,33.6,8.19,7.62,101.5,44.0,0.02,ND<0.011,0.06,0.083,,,,,,,,,,,,,,,,,,,,
96,2019,7,3,,G2,,G2滿,滿,12:16:00,30.1,33.9,8.25,7.53,99.7,20.8,ND<0.00095,0.03,0.05,0.046,,,,,,,,,,,,,,,,,,,,
97,2019,8,27,SM,BY,1.0,BY1-H,H,13:03:00,35.7,31.9,8.49,13.96,198.8,1.0,ND<0.00095,0.01,0.06,0.091,,2.8025842536967347,2.3166666666666664,4.6666667,3.3333333,17.0,11.166667,,,,,,,0.21,0.01,,,,,
98,2019,8,27,SM,BY,1.0,BY1-M,M,13:19:00,35.3,34.4,8.3,10.71,154.5,0.5,0.02,ND<0.011,0.12,0.084,,3.1013433289043735,3.2833333333333337,6.0,2.3333333,16.666667,9.5,,,,,,,0.33,0.04,,,,,
99,2019,8,27,SM,BY,1.0,BY1-L,L,13:29:00,33.2,33.6,8.15,7.45,103.8,54.3,ND<0.00095,0.08,0.06,0.112,,4.825915115859127,4.25,4.6666667,0.5,19.833333,3.5,,,,,,,0.31,0.01,,,,,
100,2019,8,27,SM,BY,2.0,BY2-H,H,13:58:00,36.3,33.7,8.31,11.18,164.6,4.5,ND<0.00095,0.04,0.08,0.054,,2.0182078184538845,2.4,4.1666667,2.0,18.833333,5.8333333,,,,,,,0.43,0.04,,,,,
101,2019,8,27,SM,BY,2.0,BY2-M,M,14:09:00,36.0,32.1,8.3,9.88,143.6,3.2,ND<0.00095,0.03,0.08,0.118,,0.8573021820138546,1.6500000000000001,2.6666667,4.0,18.333333,4.6666667,,,,,,,0.2,0.0,,,,,
102,2019,8,27,SM,BY,2.0,BY2-L,L,14:17:00,34.6,31.9,8.36,8.37,119.1,17.2,0.02,0.04,0.09,0.055,,8.556661100577202,2.1,5.1666667,3.0,16.833333,6.1666667,,,,,,,0.55,0.04,,,,,
103,2019,8,27,SM,BY,3.0,BY3-H,H,14:51:00,35.0,31.3,8.2,11.1,159.2,4.6,0.02,0.14,0.09,0.069,,1.6788087263916034,2.65,5.1666667,1.3333333,18.5,7.0,,,,,,,0.06,0.04,,,,,
104,2019,8,27,SM,BY,3.0,BY3-M,M,14:43:00,33.4,33.0,8.15,9.02,126.6,6.3,ND<0.00095,0.08,0.1,0.052,,0.7495914256435471,1.8833333333333335,3.6666667,1.8333333,19.5,13.333333,,,,,,,0.3,0.08,,,,,
105,2019,8,27,SM,BY,3.0,BY3-L,L,14:32:00,32.7,33.4,8.19,9.85,135.9,3.2,ND<0.00095,0.07,0.08,0.034,,4.874713222861264,2.2,0.3333333,0.6666667,24.0,6.1666667,,,,,,,0.37,0.01,,,,,
106,2019,8,28,SM,G1,1.0,G1-1-H,H,14:19:00,35.4,34.0,8.13,7.96,115.1,8.9,ND<0.00095,ND<0.011,0.04,0.065,,1.5456228715967997,2.85,1.3333333,0.0,23.666667,8.1666667,,,,,,,0.45,0.0,,,,,
107,2019,8,28,SM,G1,1.0,G1-1-M,M,14:25:00,34.2,34.0,8.17,8.84,124.6,9.5,ND<0.00095,0.02,0.04,0.067,,1.3718188575035362,1.6499999999999997,1.5,0.0,23.5,5.1666667,,,,,,,0.22,0.0,,,,,
108,2019,8,28,SM,G1,1.0,G1-1-L,L,14:34:00,33.2,34.0,8.26,8.58,119.5,31.4,ND<0.00095,ND<0.011,0.03,0.046,,3.833454635389915,3.6166666666666667,6.3333333,0.0,18.666667,8.8333333,,,,,,,0.67,0.04,,,,,
109,2019,8,28,SM,G1,3.0,G1-3-H,H,15:10:00,35.8,33.9,8.29,10.57,153.1,3.2,ND<0.00095,ND<0.011,0.05,0.021,,0.7768295113499446,3.0833333333333335,1.5,0.0,23.5,8.8333333,,,,,,,0.05,0.2,,,,,
110,2019,8,28,SM,G1,3.0,G1-3-M,M,15:00:00,35.3,34.0,8.25,9.8,141.6,2.8,ND<0.00095,ND<0.011,0.05,0.028,,0.7893793864200302,2.8666666666666667,4.6666667,0.0,20.333333,8.8333333,,,,,,,0.21,0.05,,,,,
111,2019,8,28,SM,G1,3.0,G1-3-L,L,14:50:00,32.7,34.0,8.24,8.13,112.6,77.8,ND<0.00095,0.02,0.04,0.092,,6.109996431663376,1.1333333333333335,1.1666667,0.0,23.833333,11.333333,,,,,,,0.53,0.04,,,,,
112,2019,8,28,SM,G2,1.0,G2-1-H,H,14:55:00,36.0,33.1,8.22,10.92,140.8,10.7,ND<0.00095,ND<0.011,0.03,0.041,,3.275640279583416,1.8499999999999999,10.0,0.0,15.0,3.0,,,,,,,0.0,0.1,,,,,
113,2019,8,28,SM,G2,1.0,G2-1-M,M,14:46:00,34.5,33.0,8.19,11.36,132.0,6.3,ND<0.00095,ND<0.011,0.02,0.014,,3.369157939582699,2.4166666666666665,7.6666667,0.0,17.333333,13.666667,,,,,,,0.01,0.01,,,,,
114,2019,8,28,SM,G2,1.0,G2-1-L,L,14:39:00,35.7,31.3,8.12,9.42,105.9,11.5,ND<0.00095,ND<0.011,0.03,0.028,,2.422903822414605,4.75,11.333333,0.0,13.666667,12.333333,,,,,,,0.37,0.08,,,,,
115,2019,8,28,SM,G2,3.0,G2-3-H,H,15:28:00,36.7,33.5,8.53,9.74,160.2,7.0,ND<0.00095,0.05,0.04,0.054,,1.6149527406868884,1.7833333333333332,4.3333333,0.0,20.666667,3.3333333,,,,,,,0.02,0.12,,,,,
116,2019,8,28,SM,G2,3.0,G2-3-M,M,15:15:00,35.9,33.5,8.39,9.23,165.0,5.1,ND<0.00095,0.06,0.04,0.062,,0.9453389815425884,0.7833333333333333,8.6666667,0.0,16.333333,14.666667,,,,,,,0.04,0.12,,,,,
117,2019,8,28,SM,G2,3.0,G2-3-L,L,15:05:00,34.3,33.1,8.28,7.29,133.7,7.6,ND<0.00095,0.02,0.04,0.042,,0.6933744163910013,1.5333333333333332,3.6666667,0.0,21.333333,8.3333333,,,,,,,0.32,0.08,,,,,
118,2019,8,27,SM,KS,1.0,KS1-H,H,13:34:00,34.1,32.4,8.22,10.73,150.7,12.5,ND<0.00095,0.11,0.09,0.076,,2.914074626038875,1.6166666666666665,6.0,1.0,18.0,7.0,,,,,,,0.007,0.163,,,,,
119,2019,8,27,SM,KS,1.0,KS1-M,M,13:28:00,32.4,32.3,8.1,10.78,147.6,23.8,0.02,0.13,0.07,0.114,,1.188612028767288,3.4666666666666663,4.3333333,3.3333333,17.333333,11.666667,,,,,,,0.06,0.02,,,,,
120,2019,8,27,SM,KS,1.0,KS1-L,L,13:23:00,31.7,32.2,8.16,9.35,125.3,13.5,0.02,0.08,0.08,0.094,,3.1219942952712967,0.9166666666666666,4.3333333,0.3333333,20.333333,6.6666667,,,,,,,0.177,0.033,,,,,
121,2019,8,27,SM,KS,2.0,KS2-H,H,14:20:00,36.5,32.3,8.39,10.41,152.3,0.8,ND<0.00095,0.02,0.09,0.043,,5.686133642472259,2.183333333333333,9.0,5.3333333,10.666667,12.333333,,,,,,,0.043,0.043,,,,,
122,2019,8,27,SM,KS,2.0,KS2-M,M,14:12:00,36.4,33.1,8.61,11.34,165.4,2.6,ND<0.00095,0.04,0.09,0.084,,2.820997184473294,1.8,5.0,7.0,13.0,9.3333333,,,,,,,0.11,0.02,,,,,
123,2019,8,27,SM,KS,2.0,KS2-L,L,14:05:00,33.2,32.0,8.1,7.39,102.6,18.1,<0.01,0.04,0.09,0.111,,4.624290829041405,0.44999999999999996,0.0,4.6666667,20.333333,0.3333333,,,,,,,0.22,0.05,,,,,
124,2019,8,27,SM,KS,3.0,KS3-H,H,15:19:00,33.3,33.1,8.12,7.14,99.4,3.4,ND<0.00095,0.09,0.11,0.101,,4.223389575980381,1.5999999999999999,6.0,3.0,16.0,5.3333333,,,,,,,0.01,0.133,,,,,
125,2019,8,27,SM,KS,3.0,KS3-M,M,15:02:00,33.9,33.0,8.2,8.5,120.0,4.7,0.02,0.08,0.14,0.126,,13.41936508489493,2.8833333333333333,7.0,5.3333333,12.666667,6.3333333,,,,,,,0.033,0.04,,,,,
126,2019,8,27,SM,KS,3.0,KS3-L,L,14:41:00,33.0,32.7,8.13,7.65,106.4,4.4,0.02,0.04,0.07,0.106,,0.6983521324671125,5.1499999999999995,7.6666667,1.0,16.333333,10.0,,,,,,,0.373,0.093,,,,,
127,2019,8,28,,KS,1.0,KS1滿,滿,09:07:00,29.5,32.1,7.99,8.08,105.4,3.6,0.02,0.03,0.04,0.025,,,,,,,,,,,,,,,,,,,,
128,2019,8,28,,KS,2.0,KS2滿,滿,09:25:00,29.3,32.3,7.97,7.41,96.8,8.8,ND<0.00095,0.03,0.05,0.031,,,,,,,,,,,,,,,,,,,,
129,2019,8,28,,KS,3.0,KS3滿,滿,09:38:00,29.9,32.4,8.05,7.57,99.5,10.9,ND<0.00095,ND<0.011,0.04,0.043,,,,,,,,,,,,,,,,,,,,
130,2019,8,28,,G1,,G1滿,滿,09:15:00,30.4,33.9,8.06,7.41,98.7,16.3,ND<0.00095,0.02,0.03,0.06,,,,,,,,,,,,,,,,,,,,
131,2019,8,28,,G2,,G2滿,滿,09:47:00,30.5,33.9,8.1,7.4,98.5,15.1,ND<0.00095,0.03,0.05,0.074,,,,,,,,,,,,,,,,,,,,
132,2019,10,29,A,BY,1.0,BY1-H,H,17:03:00,21.5,30.6,8.04,8.71,98.2,6.6,0.07,0.84,0.26,0.128,,,2.1333333333333333,,,,,,,,,,,0.15,0.04,,,,,
133,2019,10,29,A,BY,1.0,BY1-M,M,17:08:00,21.3,30.9,8.07,8.87,100.2,3.2,0.07,0.88,0.46,0.094,,,2.6,,,,,,,,,,,0.4,0.04,,,,,
134,2019,10,29,A,BY,1.0,BY1-L,L,17:15:00,22.8,31.1,8.01,8.54,99.5,94.0,0.06,0.86,0.17,0.18,,,0.5499999999999999,,,,,,,,,,,0.5,0.08,,,,,
135,2019,10,29,A,BY,2.0,BY2-H,H,16:48:00,21.8,30.5,8.04,8.85,100.7,19.1,0.07,0.81,0.31,0.075,,,1.6166666666666665,,,,,,,,,,,0.11,0.24,,,,,
136,2019,10,29,A,BY,2.0,BY2-M,M,16:40:00,22.0,30.9,8.04,8.82,100.8,41.8,0.07,0.83,0.24,0.128,,,1.25,,,,,,,,,,,0.5,0.1,,,,,
137,2019,10,29,A,BY,2.0,BY2-L,L,16:33:00,22.1,30.9,8.03,8.85,101.5,41.8,0.08,0.81,0.21,0.118,,,2.5500000000000003,,,,,,,,,,,0.55,0.02,,,,,
138,2019,10,29,A,BY,3.0,BY3-H,H,16:01:00,22.3,30.7,8.02,8.75,100.7,27.9,0.07,0.8,0.22,0.123,,,3.066666666666667,,,,,,,,,,,0.2,0.02,,,,,
139,2019,10,29,A,BY,3.0,BY3-M,M,16:12:00,22.4,31.0,8.0,8.7,100.3,38.6,0.07,0.8,0.25,0.104,,,1.2833333333333334,,,,,,,,,,,0.33,0.04,,,,,
140,2019,10,29,A,BY,3.0,BY3-L,L,16:20:00,22.3,30.9,8.02,8.65,99.3,69.7,0.07,0.82,0.24,0.175,,,0.9666666666666667,,,,,,,,,,,0.65,0.08,,,,,
141,2019,10,28,A,G1,1.0,G1-1-H,H,16:55:00,24.5,32.6,8.13,8.84,106.1,20.5,0.03,0.32,0.05,0.038,,,4.133333333333334,,,,,,,,,,,0.35,0.08,,,,,
142,2019,10,28,A,G1,1.0,G1-1-M,M,16:47:00,24.3,32.7,8.18,9.6,115.1,19.4,0.03,0.33,0.08,0.043,,,2.2833333333333328,,,,,,,,,,,0.4,0.3,,,,,
143,2019,10,28,A,G1,1.0,G1-1-L,L,16:42:00,24.4,32.8,8.18,10.09,121.2,15.4,0.03,0.34,0.05,0.039,,,1.4333333333333336,,,,,,,,,,,0.7,0.01,,,,,
144,2019,10,28,A,G1,3.0,G1-3-H,H,15:40:00,25.1,32.2,8.18,10.42,126.6,19.4,0.04,0.32,0.05,0.053,,,4.566666666666666,,,,,,,,,,,0.2,0.04,,,,,
145,2019,10,28,A,G1,3.0,G1-3-M,M,15:53:00,25.2,32.6,8.19,10.45,127.9,19.3,0.03,0.32,0.06,0.059,,,2.0666666666666664,,,,,,,,,,,0.6,0.08,,,,,
146,2019,10,28,A,G1,3.0,G1-3-L,L,16:02:00,24.9,32.6,8.17,9.53,115.2,27.5,0.03,0.32,0.05,0.044,,,1.1166666666666665,,,,,,,,,,,0.82,0.0,,,,,
147,2019,10,28,A,G2,1.0,G2-1-H,H,15:48:00,24.9,32.8,8.1,9.65,116.3,25.3,0.03,0.39,0.04,0.042,,,4.783333333333333,,,,,,,,,,,0.04,0.04,,,,,
148,2019,10,28,A,G2,1.0,G2-1-M,M,15:51:00,24.8,32.5,8.15,9.09,109.4,23.5,0.04,0.38,0.08,0.038,,,3.016666666666666,,,,,,,,,,,0.28,0.1,,,,,
149,2019,10,28,A,G2,1.0,G2-1-L,L,15:42:00,24.9,32.8,8.19,10.55,127.4,64.3,0.03,0.36,0.05,0.039,,,2,,,,,,,,,,,0.55,0.04,,,,,
150,2019,10,28,A,G2,3.0,G2-3-H,H,16:43:00,24.2,32.8,8.52,10.34,122.8,13.5,0.02,0.39,0.04,0.031,,,4.1000000000000005,,,,,,,,,,,0.1,0.04,,,,,
151,2019,10,28,A,G2,3.0,G2-3-M,M,16:36:00,24.2,32.8,8.55,11.42,136.1,3.9,0.02,0.4,0.05,0.027,,,1.3833333333333335,,,,,,,,,,,0.37,0.1,,,,,
152,2019,10,28,A,G2,3.0,G2-3-L,L,16:18:00,24.7,32.9,8.06,9.14,109.9,26.0,0.03,0.36,0.05,0.063,,,1.0833333333333333,,,,,,,,,,,0.49,0.02,,,,,
153,2019,10,29,A,KS,1.0,KS1-H,H,15:56:00,21.5,32.8,8.2,8.74,99.1,3.4,0.01,0.18,0.014,0.104,,,2.283333333333333,,,,,,,,,,,0.14,0.023,,,,,
154,2019,10,29,A,KS,1.0,KS1-M,M,16:08:00,23.2,32.4,8.16,8.48,99.0,9.8,0.02,0.14,0.15,0.085,,,2,,,,,,,,,,,0.173,0.047,,,,,
155,2019,10,29,A,KS,1.0,KS1-L,L,16:14:00,23.2,32.5,8.18,8.58,100.2,22.5,0.02,0.14,0.06,0.147,,,5.616666666666667,,,,,,,,,,,0.287,0.01,,,,,
156,2019,10,29,A,KS,2.0,KS2-H,H,17:01:00,20.9,31.7,8.18,8.63,96.6,1.2,0.02,0.37,0.04,0.123,,,3.1,,,,,,,,,,,0.103,0.027,,,,,
157,2019,10,29,A,KS,2.0,KS2-M,M,16:56:00,21.1,30.8,8.2,8.75,98.2,5.0,0.04,0.49,0.06,0.118,,,1.1833333333333333,,,,,,,,,,,0.3,0.033,,,,,
158,2019,10,29,A,KS,2.0,KS2-L,L,16:49:00,22.6,29.2,8.11,8.37,96.8,10.5,0.06,0.51,0.16,0.109,,,2.5833333333333335,,,,,,,,,,,0.56,0.027,,,,,
159,2019,10,29,A,KS,3.0,KS3-H,H,17:18:00,22.1,32.7,8.13,8.26,94.6,12.1,0.02,0.23,0.1,0.099,,,1.1166666666666665,,,,,,,,,,,0.123,0.06,,,,,
160,2019,10,29,A,KS,3.0,KS3-M,M,17:24:00,22.0,32.6,8.14,8.45,96.6,10.6,0.02,0.21,0.07,0.094,,,0.8166666666666668,,,,,,,,,,,0.28,0.003,,,,,
161,2019,10,29,A,KS,3.0,KS3-L,L,17:28:00,22.1,32.6,8.13,8.26,94.6,8.9,0.01,0.22,0.06,0.104,,,4.466666666666667,,,,,,,,,,,0.617,0.02,,,,,
162,2019,10,28,,KS,1.0,KS1滿,滿,12:21:00,23.5,32.5,8.16,8.58,100.8,23.1,0.02,0.13,0.06,0.07,,,,,,,,,,,,,,,,,,,,
163,2019,10,28,,KS,2.0,KS2滿,滿,12:39:00,23.8,32.6,8.16,8.62,101.5,51.2,0.03,0.18,0.06,0.128,,,,,,,,,,,,,,,,,,,,
164,2019,10,28,,KS,3.0,KS3滿,滿,12:51:00,23.6,32.5,8.14,8.7,102.1,89.0,0.03,0.25,0.06,0.189,,,,,,,,,,,,,,,,,,,,
165,2019,10,28,,G1,,G1滿,滿,12:24:00,22.8,32.6,8.03,8.93,103.9,72.7,0.05,0.63,0.14,0.123,,,,,,,,,,,,,,,,,,,,
166,2019,10,28,,G2,,G2滿,滿,12:54:00,23.3,32.2,8.04,8.82,103.3,63.9,0.04,0.48,0.12,0.099,,,,,,,,,,,,,,,,,,,,
167,2019,12,19,W,BY,1.0,BY1-H,H,09:30:00,19.3,30.7,8.0,9.55,103.2,49.8,0.06,0.79,0.52,0.034,,9.932794742249834,1.6666666666666667,4.6666667,3.0,17.333333,2.8333333,,,,,,,0.06,0.03,,,,,
168,2019,12,19,W,BY,1.0,BY1-M,M,09:21:00,19.5,30.8,7.94,8.88,96.3,54.8,0.06,0.87,0.43,0.066,,10.517869761296092,2.516666666666667,4.0,3.6666667,17.333333,4.8333333,,,,,,,0.1,0.06,,,,,
169,2019,12,19,W,BY,1.0,BY1-L,L,09:05:00,19.7,30.9,7.93,9.29,99.0,25.1,0.05,0.78,0.31,0.056,,19.434213109358083,4.75,3.3333333,0.6666667,21.0,2.1666667,,,,,,,0.16,0.04,,,,,
170,2019,12,19,W,BY,2.0,BY2-H,H,08:53:00,19.3,26.1,7.99,9.2,99.4,46.5,0.11,0.96,0.42,0.04,,7.816630790732242,1.6666666666666667,0.1666667,0.5,24.333333,5.0,,,,,,,0.12,0.0,,,,,
171,2019,12,19,W,BY,2.0,BY2-M,M,08:40:00,19.5,30.7,7.95,9.15,99.4,158.0,0.06,0.8,0.53,0.072,,8.719965116431508,2.6166666666666667,3.5,2.1666667,19.333333,2.5,,,,,,,0.12,0.1,,,,,
172,2019,12,19,W,BY,2.0,BY2-L,L,08:44:00,19.5,30.7,7.96,9.33,101.2,143.0,0.07,0.81,0.59,0.067,,17.899416682660515,1.6666666666666667,7.3333333,4.0,13.666667,2.0,,,,,,,0.4,0.08,,,,,
173,2019,12,19,W,BY,3.0,BY3-H,H,08:14:00,19.4,29.2,7.9,8.86,96.1,65.1,0.09,0.94,0.61,0.052,,3.4258445822600128,2.25,2.0,4.0,19.0,3.8333333,,,,,,,0.6,0.02,,,,,
174,2019,12,19,W,BY,3.0,BY3-M,M,08:22:00,19.6,30.8,7.9,8.86,96.3,118.0,0.05,0.78,0.56,0.071,,8.526153580591894,1.2666666666666668,0.5,0.0,24.5,5.6666667,,,,,,,0.12,0.0,,,,,
175,2019,12,19,W,BY,3.0,BY3-L,L,08:28:00,19.6,30.7,7.93,8.97,97.6,203.0,0.06,0.8,0.53,0.064,,17.272696158116272,1.4833333333333332,0.0,0.5,24.5,3.5,,,,,,,0.32,0.0,,,,,
176,2019,12,18,W,G1,1.0,G1-1-H,H,08:12:00,20.6,32.0,7.88,8.53,94.6,51.2,0.01,0.16,0.06,0.054,,2.5415699409438006,3.016666666666666,2.8333333,0.1666667,22.0,6.0,,,,,,,0.15,0.0,,,,,
177,2019,12,18,W,G1,1.0,G1-1-M,M,08:05:00,20.5,32.5,7.92,9.52,105.5,5.2,0.02,0.15,0.08,0.05,,0.5867422452963951,1.3166666666666667,0.0,0.3333333,24.666667,7.1666667,,,,,,,0.2,0.02,,,,,
178,2019,12,18,W,G1,1.0,G1-1-L,L,07:57:00,20.6,32.5,7.96,9.37,103.9,62.0,0.01,0.15,0.04,0.048,,0.8482433670363201,0.9333333333333335,0.3333333,0.1666667,24.5,9.0,,,,,,,0.24,0.08,,,,,
179,2019,12,18,W,G1,3.0,G1-3-H,H,07:08:00,20.5,32.5,7.88,9.13,101.2,5.5,0.02,0.15,0.02,0.054,,0.9841778297853073,1.9666666666666668,0.0,0.1666667,24.833333,10.0,,,,,,,0.2,0.0,,,,,
180,2019,12,18,W,G1,3.0,G1-3-M,M,07:28:00,20.5,32.5,7.94,9.29,102.9,5.1,0.01,0.15,0.04,0.041,,1.120350240657829,1.2666666666666666,1.3333333,0.0,23.666667,7.0,,,,,,,0.55,0.02,,,,,
181,2019,12,18,W,G1,3.0,G1-3-L,L,07:37:00,20.7,32.5,7.92,9.53,105.9,9.8,0.02,0.15,0.03,0.035,,2.0275359561116058,0.75,0.5,0.0,24.5,8.5,,,,,,,0.32,0.1,,,,,
182,2019,12,18,W,G2,1.0,G2-1-H,H,06:59:00,20.7,33.3,7.86,8.95,100.7,2.7,0.02,0.14,0.03,0.043,,1.5500736540843023,5.116666666666667,21.333333,0.0,3.6666667,2.3333333,,,,,,,0.0,0.36,,,,,
183,2019,12,18,W,G2,1.0,G2-1-M,M,07:08:00,20.6,33.2,7.93,8.96,100.3,4.5,0.02,0.14,0.02,0.032,,1.4941270760648362,5.516666666666667,10.333333,0.0,14.666667,24.333333,,,,,,,0.16,0.04,,,,,
184,2019,12,18,W,G2,1.0,G2-1-L,L,07:14:00,20.6,33.4,7.93,9.11,101.9,10.1,0.02,0.13,ND<0.013,0.026,,1.1911282308638504,1.3499999999999999,7.0,0.0,18.0,8.3333333,,,,,,,0.2,0.01,,,,,
185,2019,12,18,W,G2,3.0,G2-3-H,H,07:33:00,20.1,33.5,7.84,8.21,91.0,6.6,0.02,0.14,ND<0.013,0.058,,0.5935142248671313,1.5499999999999998,5.3333333,0.0,19.666667,3.3333333,,,,,,,0.36,0.04,,,,,
186,2019,12,18,W,G2,3.0,G2-3-M,M,07:41:00,20.2,33.6,7.99,9.21,102.2,4.3,0.02,0.13,ND<0.013,0.041,,0.8497417047366292,0.5833333333333334,5.0,0.0,20.0,10.0,,,,,,,0.2,0.04,,,,,
187,2019,12,18,W,G2,3.0,G2-3-L,L,07:51:00,20.9,33.5,8.03,9.19,103.4,23.9,0.01,0.14,ND<0.013,0.035,,1.4489873952976167,1.0000000000000002,1.3333333,0.0,23.666667,9.0,,,,,,,0.2,0.02,,,,,
188,2019,12,19,W,KS,1.0,KS1-H,H,08:14:00,19.4,32.7,7.91,9.07,99.2,10.6,0.01,0.32,0.07,0.059,,3.5869718931950025,2.9499999999999997,11.333333,0.3333333,13.333333,9.3333333,,,,,,,0.013,0.017,,,,,
189,2019,12,19,W,KS,1.0,KS1-M,M,08:25:00,19.7,33.1,7.89,8.87,97.5,31.2,0.01,0.34,0.08,0.051,,2.93860131978709,3.9000000000000004,10.333333,0.0,14.666667,4.0,,,,,,,0.09,0.017,,,,,
190,2019,12,19,W,KS,1.0,KS1-L,L,08:32:00,19.7,33.1,7.92,9.18,101.1,57.2,0.01,0.36,0.08,0.043,,4.079234060977049,1.9666666666666666,2.6666667,0.0,22.333333,11.666667,,,,,,,0.213,0.187,,,,,
191,2019,12,19,W,KS,2.0,KS2-H,H,09:15:00,19.0,31.5,7.96,9.55,103.6,2.0,0.03,0.68,0.21,0.034,,1.3289289095336771,1.7666666666666666,8.6666667,1.0,15.333333,11.666667,,,,,,,0.037,0.007,,,,,
192,2019,12,19,W,KS,2.0,KS2-M,M,09:09:00,19.2,30.7,8.02,10.2,111.3,6.3,0.05,0.73,0.2,0.047,,1.2288075272805206,1.2,1.3333333,5.3333333,18.333333,4.6666667,,,,,,,0.087,0.01,,,,,
193,2019,12,19,W,KS,2.0,KS2-L,L,09:04:00,19.8,29.3,7.89,8.76,96.3,21.0,0.08,0.86,0.57,0.043,,1.7832704393043235,0.8833333333333334,0.0,2.6666667,22.333333,6.6666667,,,,,,,0.213,0.013,,,,,
194,2019,12,19,W,KS,3.0,KS3-H,H,09:46:00,19.3,32.8,8.04,10.22,112.1,13.6,0.01,0.5,0.04,0.031,,1.79329781937132,1.1333333333333335,2.3333333,4.0,18.666667,0.0,,,,,,,0.043,0.03,,,,,
195,2019,12,19,W,KS,3.0,KS3-M,M,09:40:00,19.4,32.8,8.0,9.74,106.6,21.5,0.02,0.52,0.06,0.038,,2.736713353821824,1.7333333333333332,4.0,3.0,18.0,7.0,,,,,,,0.04,0.043,,,,,
196,2019,12,19,W,KS,3.0,KS3-L,L,09:37:00,19.6,32.7,7.96,9.5,103.9,29.4,0.01,0.5,0.13,0.048,,1.9530875232076568,1.6333333333333335,4.0,2.3333333,18.666667,5.6666667,,,,,,,0.353,0.033,,,,,
197,2019,12,19,,KS,1.0,KS1滿,滿,15:57:00,20.4,33.6,8.07,9.17,102.0,35.5,0.02,0.15,ND<0.013,0.061,,,,,,,,,,,,,,,,,,,,
198,2019,12,19,,KS,2.0,KS2滿,滿,15:40:00,20.7,33.1,8.04,9.17,102.4,48.6,0.01,0.17,0.03,0.049,,,,,,,,,,,,,,,,,,,,
199,2019,12,19,,KS,3.0,KS3滿,滿,15:29:00,20.6,32.7,8.07,9.16,102.7,129.0,0.01,0.22,0.03,0.037,,,,,,,,,,,,,,,,,,,,
200,2019,12,19,,G1,,G1滿,滿,15:44:00,20.3,32.1,7.87,9.15,100.7,45.6,0.02,0.31,0.19,0.06,,,,,,,,,,,,,,,,,,,,
201,2019,12,19,,G2,,G2滿,滿,16:11:00,20.2,32.3,7.82,9.26,101.5,55.7,0.01,0.22,0.1,0.046,,,,,,,,,,,,,,,,,,,,
202,2020,1,15,W,BY,1.0,BY1-H,H,07:35:00,16.6,30.1,8.13,9.92,102.1,54.8,0.07,0.74,0.02,0.127,,,3.2833333333333337,,,,,,,,,,,0.01,0.0,,,,,
203,2020,1,15,W,BY,1.0,BY1-M,M,07:23:00,16.1,30.3,8.13,10.05,102.5,28.8,0.07,0.77,ND<0.013,0.112,,,3.683333333333334,,,,,,,,,,,0.2,0.02,,,,,
204,2020,1,15,W,BY,1.0,BY1-L,L,07:14:00,16.8,30.6,8.08,9.45,98.7,138.0,0.05,0.67,ND<0.013,0.136,,,1.5999999999999999,,,,,,,,,,,0.2,0.04,,,,,
205,2020,1,15,W,BY,2.0,BY2-H,H,08:33:00,17.0,29.3,8.16,7.83,80.5,33.3,0.08,0.93,ND<0.013,0.112,,,3.4666666666666663,,,,,,,,,,,0.02,0.01,,,,,
206,2020,1,15,W,BY,2.0,BY2-M,M,07:53:00,17.1,26.3,8.1,9.1,93.5,36.5,0.06,0.78,ND<0.013,0.117,,,4.383333333333333,,,,,,,,,,,0.16,0.01,,,,,
207,2020,1,15,W,BY,2.0,BY2-L,L,08:04:00,16.5,26.3,8.22,10.31,106.4,45.2,0.05,0.76,0.07,0.127,,,0.15000000000000002,,,,,,,,,,,0.16,0.06,,,,,
208,2020,1,15,W,BY,3.0,BY3-H,H,08:44:00,17.0,28.1,8.14,9.6,99.6,24.9,0.05,0.91,0.12,0.109,,,3.1833333333333336,,,,,,,,,,,0.12,0.02,,,,,
209,2020,1,15,W,BY,3.0,BY3-M,M,08:18:00,17.1,29.4,8.13,9.48,98.6,66.9,0.05,0.75,0.03,0.134,,,0.3,,,,,,,,,,,0.2,0.02,,,,,
210,2020,1,15,W,BY,3.0,BY3-L,L,08:11:00,17.5,30.8,8.13,9.46,99.2,104.0,0.04,0.73,0.07,0.146,,,0.20000000000000004,,,,,,,,,,,0.4,0.04,,,,,
211,2020,1,16,W,G1,1.0,G1-1-H,H,09:19:00,18.7,31.6,8.09,8.86,94.9,21.3,0.02,0.42,0.1,0.048,,,3.85,,,,,,,,,,,0.0,0.16,,,,,
212,2020,1,16,W,G1,1.0,G1-1-M,M,09:15:00,18.6,31.6,8.18,10.4,110.9,17.8,0.02,0.44,0.08,0.054,,,4.116666666666666,,,,,,,,,,,0.36,0.04,,,,,
213,2020,1,16,W,G1,1.0,G1-1-L,L,09:04:00,18.8,31.5,8.16,10.05,108.6,13.8,0.02,0.46,0.07,0.05,,,4.249999999999999,,,,,,,,,,,0.32,0.04,,,,,
214,2020,1,16,W,G1,3.0,G1-3-H,H,09:55:00,18.7,31.6,8.23,12.1,129.8,21.9,0.02,0.43,0.07,0.047,,,1.616666666666667,,,,,,,,,,,0.04,0.01,,,,,
215,2020,1,16,W,G1,3.0,G1-3-M,M,09:46:00,18.9,31.8,8.07,9.65,103.9,30.5,0.02,0.37,0.07,0.051,,,1.9500000000000002,,,,,,,,,,,0.32,0.02,,,,,
216,2020,1,16,W,G1,3.0,G1-3-L,L,09:37:00,18.9,31.6,8.14,9.6,103.2,59.1,0.03,0.51,0.09,0.125,,,1.0666666666666667,,,,,,,,,,,0.24,0.04,,,,,
217,2020,1,16,W,G2,1.0,G2-1-H,H,09:10:00,18.4,32.3,8.22,10.86,115.8,23.8,0.02,0.45,0.06,0.048,,,3.1666666666666665,,,,,,,,,,,0.0,0.06,,,,,
218,2020,1,16,W,G2,1.0,G2-1-M,M,09:04:00,18.3,32.4,8.16,9.55,101.5,13.7,0.02,0.45,0.1,0.045,,,2.166666666666667,,,,,,,,,,,0.24,0.02,,,,,
219,2020,1,16,W,G2,1.0,G2-1-L,L,08:58:00,18.4,32.3,8.15,10.02,106.6,25.5,0.02,0.46,0.09,0.043,,,1.1333333333333335,,,,,,,,,,,0.4,0.04,,,,,
220,2020,1,16,W,G2,3.0,G2-3-H,H,09:44:00,18.6,32.2,8.39,13.79,147.1,5.7,0.01,0.49,0.07,0.041,,,2.0000000000000004,,,,,,,,,,,0.0,0.02,,,,,
221,2020,1,16,W,G2,3.0,G2-3-M,M,09:39:00,18.7,32.3,8.4,14.2,152.0,4.9,0.01,0.51,0.1,0.031,,,3.0499999999999994,,,,,,,,,,,0.36,0.04,,,,,
222,2020,1,16,W,G2,3.0,G2-3-L,L,09:32:00,18.7,32.6,8.23,10.32,110.4,15.7,0.02,0.44,0.08,0.047,,,1.2,,,,,,,,,,,0.24,0.02,,,,,
223,2020,1,15,W,KS,1.0,KS1-H,H,07:16:00,15.3,32.3,7.99,10.31,102.8,10.4,0.02,0.39,0.06,0.092,,,1.5999999999999999,,,,,,,,,,,0.09,0.013,,,,,
224,2020,1,15,W,KS,1.0,KS1-M,M,07:08:00,16.7,31.9,7.98,9.75,100.6,21.5,0.03,0.35,ND<0.013,0.084,,,2.1666666666666665,,,,,,,,,,,0.07,0.18,,,,,
225,2020,1,15,W,KS,1.0,KS1-L,L,07:05:00,17.2,31.8,7.94,9.35,96.9,19.7,0.02,0.39,ND<0.013,0.079,,,1.1666666666666667,,,,,,,,,,,0.337,0.083,,,,,
226,2020,1,15,W,KS,2.0,KS2-H,H,07:53:00,15.6,29.9,8.08,11.15,112.0,2.6,0.05,0.67,0.02,0.08,,,1.1500000000000001,,,,,,,,,,,0.01,0.033,,,,,
227,2020,1,15,W,KS,2.0,KS2-M,M,07:47:00,15.7,30.2,8.14,11.54,115.8,3.7,0.04,0.69,ND<0.013,0.08,,,0.9500000000000001,,,,,,,,,,,0.027,0.027,,,,,
228,2020,1,15,W,KS,2.0,KS2-L,L,07:40:00,16.5,31.4,7.97,9.73,99.5,17.9,0.06,0.7,ND<0.013,0.101,,,1.2166666666666668,,,,,,,,,,,0.267,0.06,,,,,
229,2020,1,15,W,KS,3.0,KS3-H,H,08:23:00,16.7,32.5,8.36,12.98,129.3,12.5,0.01,0.43,ND<0.013,0.063,,,4.266666666666667,,,,,,,,,,,0.01,0.077,,,,,
230,2020,1,15,W,KS,3.0,KS3-M,M,08:19:00,16.7,32.6,8.2,11.6,118.9,5.2,ND<0.00095,0.46,0.03,0.063,,,1.7000000000000002,,,,,,,,,,,0.173,0.043,,,,,
231,2020,1,15,W,KS,3.0,KS3-L,L,08:14:00,16.7,31.5,8.11,10.26,105.6,13.7,0.02,0.44,0.07,0.068,,,4.983333333333333,,,,,,,,,,,0.28,0.02,,,,,
232,2020,1,15,,KS,1.0,KS1滿,滿,13:58:00,19.5,32.4,8.17,9.69,105.1,67.3,0.03,0.34,0.11,0.113,,,,,,,,,,,,,,,,,,,,
233,2020,1,15,,KS,2.0,KS2滿,滿,14:06:00,19.6,32.1,8.16,9.48,103.3,91.0,0.03,0.4,0.14,0.137,,,,,,,,,,,,,,,,,,,,
234,2020,1,15,,KS,3.0,KS3滿,滿,14:25:00,19.3,32.0,8.18,9.62,104.2,106.0,0.03,0.45,0.13,0.128,,,,,,,,,,,,,,,,,,,,
235,2020,1,15,,G1,,G1滿,滿,14:00:00,19.2,31.2,8.05,9.43,102.5,69.7,0.04,0.48,0.19,0.128,,,,,,,,,,,,,,,,,,,,
236,2020,1,15,,G2,,G2滿,滿,14:38:00,19.3,31.5,8.1,9.32,101.8,93.0,0.03,0.41,0.18,0.113,,,,,,,,,,,,,,,,,,,,
237,2020,2,12,W,BY,1.0,BY1-H,H,07:54:00,17.5,32.6,8.04,10.17,106.8,7.7,0.02,0.23,0.07,0.085,,0.6297479916138838,2.1999999999999997,8.0,2.6666667,14.333333,6.6666667,,,,,,,0.55,0.02,,,,,
238,2020,2,12,W,BY,1.0,BY1-M,M,07:49:00,17.2,32.4,7.94,9.78,102.2,6.3,0.02,0.34,0.05,0.066,,0.7196253320973607,3.0500000000000003,5.6666667,2.6666667,16.666667,8.0,,,,,,,0.7,0.02,,,,,
239,2020,2,12,W,BY,1.0,BY1-L,L,07:40:00,17.4,32.5,7.95,8.83,92.4,64.3,0.02,0.28,0.06,0.133,,2.1180523728840774,0.4166666666666667,0.3333333,2.8333333,21.833333,4.3333333,,,,,,,0.7,0.02,,,,,
240,2020,2,12,W,BY,2.0,BY2-H,H,08:45:00,18.1,32.7,8.05,11.07,117.6,12.2,0.02,0.23,0.06,0.09,,0.6213178110700638,3.3166666666666664,4.0,1.6666667,19.333333,6.0,,,,,,,0.25,0.01,,,,,
241,2020,2,12,W,BY,2.0,BY2-M,M,08:17:00,18.5,32.3,7.99,7.83,81.8,17.3,0.02,0.22,0.06,0.109,,1.2132412425947021,2.25,3.3333333,3.1666667,18.5,10.666667,,,,,,,0.55,0.02,,,,,
242,2020,2,12,W,BY,2.0,BY2-L,L,08:23:00,19.1,31.6,8.09,10.59,114.9,18.5,0.02,0.26,0.08,0.07,,3.996791710411205,1.5,3.8333333,5.0,16.166667,10.666667,,,,,,,0.6,0.1,,,,,
243,2020,2,12,W,BY,3.0,BY3-H,H,08:40:00,18.5,32.6,8.08,9.19,98.5,13.4,0.01,0.51,0.06,0.095,,0.7306178888325169,2.016666666666667,5.6666667,3.0,16.333333,7.0,,,,,,,0.28,0.01,,,,,
244,2020,2,12,W,BY,3.0,BY3-M,M,08:35:00,18.0,33.0,7.94,8.96,94.4,18.1,0.02,0.26,0.06,0.095,,1.797770261589598,3.716666666666667,4.3333333,2.5,18.166667,11.5,,,,,,,0.35,0.01,,,,,
245,2020,2,12,W,BY,3.0,BY3-L,L,08:29:00,17.9,32.5,8.01,9.23,97.6,35.2,0.02,0.24,0.07,0.08,,4.345518464099985,0.5,1.6666667,5.3333333,18.0,13.333333,,,,,,,0.77,0.12,,,,,
246,2020,2,11,W,G1,1.0,G1-1-H,H,06:48:00,16.8,32.5,8.0,9.19,96.3,33.8,0.02,0.34,0.12,0.227,,1.0985277998040606,1.1333333333333333,1.5,0.0,23.5,7.0,,,,,,,0.4,0.08,,,,,
247,2020,2,11,W,G1,1.0,G1-1-M,M,06:55:00,16.9,32.5,7.95,8.47,87.7,52.0,0.02,0.33,0.1,0.155,,1.514536211575405,0.3333333333333333,1.0,0.0,24.0,14.333333,,,,,,,0.64,0.03,,,,,
248,2020,2,11,W,G1,1.0,G1-1-L,L,07:01:00,16.9,32.7,8.01,9.17,95.3,28.1,0.02,0.36,0.09,0.217,,3.3877792297729563,1.6833333333333333,1.3333333,0.1666667,23.5,7.1666667,,,,,,,0.52,0.02,,,,,
249,2020,2,11,W,G1,3.0,G1-3-H,H,08:00:00,16.7,32.8,8.08,9.24,95.3,15.6,0.02,0.37,0.09,0.15,,0.9441705679169685,2.1,3.3333333,0.0,21.666667,14.333333,,,,,,,0.56,0.04,,,,,
250,2020,2,11,W,G1,3.0,G1-3-M,M,07:48:00,17.0,32.9,8.04,9.14,94.6,19.5,0.02,0.34,0.09,0.16,,0.9305807578560678,2.1,2.3333333,0.0,22.666667,5.6666667,,,,,,,0.47,0.02,,,,,
251,2020,2,11,W,G1,3.0,G1-3-L,L,07:10:00,17.3,33.0,8.05,9.09,94.6,101.0,0.02,0.33,0.1,0.389,,11.924310438857646,1.55,2.3333333,0.0,22.666667,9.8333333,,,,,,,0.52,0.04,,,,,
252,2020,2,11,W,G2,1.0,G2-1-H,H,07:04:00,16.5,32.7,7.98,9.59,98.4,20.5,0.02,0.38,0.12,0.15,,3.1365755885504156,2.3,5.6666667,0.0,19.333333,8.3333333,,,,,,,0.03,0.04,,,,,
253,2020,2,11,W,G2,1.0,G2-1-M,M,06:57:00,16.6,32.6,7.96,9.49,97.4,16.5,0.02,0.38,0.1,0.174,,0.943106794712412,3.8333333333333335,7.6666667,1.0,16.333333,15.0,,,,,,,0.52,0.2,,,,,
254,2020,2,11,W,G2,1.0,G2-1-L,L,06:51:00,16.9,32.6,7.95,9.26,95.5,19.8,0.02,0.38,0.12,0.294,,3.331444465285383,1.0833333333333333,1.3333333,0.0,23.666667,8.6666667,,,,,,,0.54,0.02,,,,,
255,2020,2,11,W,G2,3.0,G2-3-H,H,07:26:00,16.4,32.7,7.91,8.08,82.6,8.6,0.02,0.36,0.1,0.136,,2.5774761701529973,1.3666666666666665,2.6666667,0.0,22.333333,5.6666667,,,,,,,0.04,0.01,,,,,
256,2020,2,11,W,G2,3.0,G2-3-M,M,07:29:00,16.5,32.7,7.94,8.87,91.0,8.5,0.02,0.41,0.09,0.117,,4.208291699329076,2.466666666666667,3.6666667,0.0,21.333333,15.333333,,,,,,,0.06,0.1,,,,,
257,2020,2,11,W,G2,3.0,G2-3-L,L,07:22:00,16.8,32.7,7.98,9.15,94.4,34.5,0.02,0.35,0.09,0.15,,4.270851202184696,0.5833333333333334,2.6666667,0.0,22.333333,12.333333,,,,,,,0.52,0.16,,,,,
258,2020,2,12,W,KS,1.0,KS1-H,H,07:36:00,18.8,33.2,7.87,9.01,93.8,7.0,ND<0.00095,0.16,0.04,0.09,,2.9536759653661147,1.7833333333333332,4.3333333,0.0,20.666667,10.0,,,,,,,0.043,0.067,,,,,
259,2020,2,12,W,KS,1.0,KS1-M,M,07:30:00,17.7,33.5,7.91,9.53,100.1,10.0,0.02,0.18,0.07,0.07,,3.6807144349389977,3.0666666666666664,4.6666667,1.3333333,19.0,6.3333333,,,,,,,0.093,0.12,,,,,
260,2020,2,12,W,KS,1.0,KS1-L,L,08:49:00,17.8,33.5,7.92,9.71,102.0,19.7,0.02,0.18,0.05,0.075,,3.064877763769224,1.3500000000000003,4.3333333,1.0,19.666667,8.6666667,,,,,,,0.16,0.227,,,,,
261,2020,2,12,W,KS,2.0,KS2-H,H,08:26:00,18.6,25.3,8.04,14.37,154.1,2.5,0.02,0.29,0.16,0.099,,2.9323073300921125,1.7333333333333332,4.0,4.3333333,16.666667,4.3333333,,,,,,,0.067,0.03,,,,,
262,2020,2,12,W,KS,2.0,KS2-M,M,08:12:00,18.7,33.3,8.09,13.9,148.9,6.0,0.02,0.19,0.07,0.066,,2.936459561170468,0.7666666666666666,0.6666667,14.0,10.333333,5.3333333,,,,,,,0.12,0.02,,,,,
263,2020,2,12,W,KS,2.0,KS2-L,L,08:04:00,18.3,33.5,7.92,9.56,100.5,23.0,0.02,0.3,0.06,0.109,,2.8012586230964223,1,0.0,1.0,24.0,0.0,,,,,,,0.243,0.08,,,,,
264,2020,2,12,W,KS,3.0,KS3-H,H,09:05:00,19.3,33.6,8.11,12.51,135.3,5.3,0.02,0.15,0.06,0.07,,1.4285455121995707,4.8999999999999995,2.6666667,2.6666667,19.666667,6.6666667,,,,,,,0.113,0.057,,,,,
265,2020,2,12,W,KS,3.0,KS3-M,M,09:00:00,18.8,33.6,8.03,10.7,114.6,8.7,0.02,0.16,0.03,0.08,,4.286890349080812,2.216666666666667,4.0,5.0,16.0,9.3333333,,,,,,,0.16,0.12,,,,,
266,2020,2,12,W,KS,3.0,KS3-L,L,07:22:00,18.4,33.5,8.01,11.27,120.1,20.9,0.02,0.16,0.04,0.07,,3.780354567208759,0.9833333333333334,5.3333333,2.3333333,17.333333,10.0,,,,,,,0.51,0.063,,,,,
267,2020,2,11,,KS,1.0,KS1滿,滿,12:38:00,18.8,33.2,8.05,9.88,106.1,60.8,0.02,0.24,0.09,0.114,,,,,,,,,,,,,,,,,,,,
268,2020,2,11,,KS,2.0,KS2滿,滿,12:54:00,18.5,31.2,8.04,9.76,104.5,84.0,0.02,0.32,0.68,0.538,,,,,,,,,,,,,,,,,,,,
269,2020,2,11,,KS,3.0,KS3滿,滿,13:02:00,18.5,33.4,8.04,9.73,103.8,125.0,0.02,0.19,0.1,0.119,,,,,,,,,,,,,,,,,,,,
270,2020,2,11,,G1,,G1滿,滿,12:50:00,18.5,33.0,8.08,9.51,101.9,53.3,0.02,0.27,0.1,0.236,,,,,,,,,,,,,,,,,,,,
271,2020,2,11,,G2,,G2滿,滿,13:13:00,19.1,33.0,8.1,9.31,101.0,31.3,0.02,0.25,0.09,0.198,,,,,,,,,,,,,,,,,,,,
272,2020,3,11,SP,BY,1.0,BY1-H,H,17:34:00,18.7,28.8,7.98,9.61,103.0,45.6,0.08,0.88,0.29,0.397,,,1.3833333333333335,,,,,,,,,,,0.28,0.04,,,,,
273,2020,3,11,SP,BY,1.0,BY1-M,M,17:26:00,18.4,29.4,8.04,10.38,110.7,58.0,0.06,0.86,0.3,0.631,,,1.1333333333333333,,,,,,,,,,,0.47,0.05,,,,,
274,2020,3,11,SP,BY,1.0,BY1-L,L,17:17:00,19.3,30.1,7.84,7.94,86.7,103.0,0.05,0.85,0.2,0.345,,,0.9166666666666666,,,,,,,,,,,0.43,0.01,,,,,
275,2020,3,11,SP,BY,2.0,BY2-H,H,17:02:00,18.6,29.7,7.94,9.37,100.3,31.3,0.06,0.76,0.22,0.488,,,1.2333333333333334,,,,,,,,,,,0.24,0.02,,,,,
276,2020,3,11,SP,BY,2.0,BY2-M,M,16:25:00,19.6,28.9,7.96,9.75,106.6,153.0,0.07,0.82,0.34,1.02,,,1.1166666666666667,,,,,,,,,,,0.36,0.04,,,,,
277,2020,3,11,SP,BY,2.0,BY2-L,L,16:35:00,19.3,28.7,7.96,9.69,105.4,147.0,0.07,0.84,0.3,0.897,,,1.5333333333333332,,,,,,,,,,,0.48,0.08,,,,,
278,2020,3,11,SP,BY,3.0,BY3-H,H,16:06:00,19.9,29.2,7.97,9.02,99.1,126.0,0.07,0.78,0.3,0.835,,,1.366666666666667,,,,,,,,,,,0.22,0.02,,,,,
279,2020,3,11,SP,BY,3.0,BY3-M,M,16:50:00,19.7,29.4,7.88,8.83,96.7,144.0,0.06,0.82,0.28,0.983,,,0.5166666666666667,,,,,,,,,,,0.36,0.06,,,,,
280,2020,3,11,SP,BY,3.0,BY3-L,L,16:42:00,19.7,29.2,7.91,9.06,99.1,220.0,0.06,0.86,0.29,0.854,,,0.43333333333333335,,,,,,,,,,,0.62,0.04,,,,,
281,2020,3,12,SP,G1,1.0,G1-1-H,H,06:46:00,19.4,32.9,7.88,8.47,92.3,23.1,0.03,0.28,0.15,0.237,,,,,,,,,,,,,,0.4,0.12,,,,,
282,2020,3,12,SP,G1,1.0,G1-1-M,M,06:58:00,19.4,33.3,7.86,8.48,92.2,21.3,0.03,0.3,0.13,0.285,,,,,,,,,,,,,,0.65,0.03,,,,,
283,2020,3,12,SP,G1,1.0,G1-1-L,L,07:04:00,19.4,33.1,7.92,8.82,96.2,63.1,0.03,0.3,0.09,0.367,,,0.5666666666666665,,,,,,,,,,,0.56,0.12,,,,,
284,2020,3,12,SP,G1,3.0,G1-3-H,H,07:50:00,19.4,33.2,7.88,7.59,82.4,28.7,0.03,0.34,0.14,0.227,,,0.9499999999999998,,,,,,,,,,,0.7,0.01,,,,,
285,2020,3,12,SP,G1,3.0,G1-3-M,M,07:25:00,19.8,33.4,7.9,7.97,87.4,13.9,0.03,0.28,0.07,0.223,,,1.2833333333333332,,,,,,,,,,,0.59,0.05,,,,,
286,2020,3,12,SP,G1,3.0,G1-3-L,L,07:19:00,20.0,33.2,7.9,8.34,91.9,36.1,0.03,0.28,0.08,0.309,,,0.2333333333333333,,,,,,,,,,,0.56,0.12,,,,,
287,2020,3,12,SP,G2,1.0,G2-1-H,H,07:04:00,18.8,32.9,8.06,8.74,94.0,23.6,0.03,0.37,0.1,0.338,,,1.3833333333333335,,,,,,,,,,,0.42,0.02,,,,,
288,2020,3,12,SP,G2,1.0,G2-1-M,M,07:00:00,18.8,32.9,8.06,8.83,95.1,12.9,0.03,0.37,0.14,0.295,,,3.966666666666667,,,,,,,,,,,0.4,0.16,,,,,
289,2020,3,12,SP,G2,1.0,G2-1-L,L,06:55:00,19.1,33.1,8.07,8.88,95.9,33.5,0.03,0.36,0.1,0.285,,,1.2833333333333334,,,,,,,,,,,0.52,0.02,,,,,
290,2020,3,12,SP,G2,3.0,G2-3-H,H,06:41:00,18.4,32.4,7.98,5.86,62.2,12.1,0.01,0.25,0.09,0.213,,,1.8333333333333333,,,,,,,,,,,0.06,0.05,,,,,
291,2020,3,12,SP,G2,3.0,G2-3-M,M,06:36:00,18.5,32.9,7.95,7.5,80.1,6.8,0.02,0.43,0.09,0.247,,,1.0833333333333333,,,,,,,,,,,0.12,0.03,,,,,
292,2020,3,12,SP,G2,3.0,G2-3-L,L,06:29:00,19.8,33.3,8.06,8.53,93.4,53.1,0.02,0.31,0.05,0.444,,,1.0666666666666667,,,,,,,,,,,0.44,0.04,,,,,
293,2020,3,11,SP,KS,1.0,KS1-H,H,15:44:00,20.3,32.7,8.2,10.84,119.9,21.0,0.03,0.27,0.05,0.25,,,2.6,,,,,,,,,,,0.187,0.327,,,,,
294,2020,3,11,SP,KS,1.0,KS1-M,M,15:57:00,20.4,31.8,8.13,9.61,106.7,61.9,0.03,0.24,0.07,0.44,,,1.7000000000000002,,,,,,,,,,,0.373,0.227,,,,,
295,2020,3,11,SP,KS,1.0,KS1-L,L,16:09:00,20.3,32.7,8.13,9.98,110.5,57.2,0.04,0.27,0.06,0.459,,,0.75,,,,,,,,,,,0.413,0.32,,,,,
296,2020,3,11,SP,KS,2.0,KS2-H,H,16:50:00,18.3,27.6,8.48,12.05,128.1,2.8,0.07,0.9,0.37,0.231,,,1.4000000000000001,,,,,,,,,,,0.14,0.187,,,,,
297,2020,3,11,SP,KS,2.0,KS2-M,M,16:45:00,18.6,27.8,8.27,10.5,112.0,12.0,0.06,0.95,0.35,0.269,,,1.5166666666666666,,,,,,,,,,,0.44,0.12,,,,,
298,2020,3,11,SP,KS,2.0,KS2-L,L,16:38:00,20.0,32.7,8.08,8.99,98.9,21.9,0.1,0.84,0.6,0.44,,,0.8999999999999999,,,,,,,,,,,0.697,0.103,,,,,
299,2020,3,11,SP,KS,3.0,KS3-H,H,17:19:00,19.5,33.2,8.14,9.77,106.7,20.4,0.02,0.24,0.1,0.307,,,1.2666666666666666,,,,,,,,,,,0.233,0.083,,,,,
300,2020,3,11,SP,KS,3.0,KS3-M,M,17:14:00,19.3,33.5,8.14,10.13,109.9,24.8,0.02,0.21,0.05,0.264,,,0.7000000000000001,,,,,,,,,,,0.38,0.093,,,,,
301,2020,3,11,SP,KS,3.0,KS3-L,L,17:09:00,19.6,33.4,8.11,9.52,103.8,24.7,0.02,0.23,0.05,0.302,,,3.3166666666666664,,,,,,,,,,,0.627,0.087,,,,,
302,2020,3,12,,KS,1.0,KS1滿,滿,12:27:00,20.5,33.5,8.13,9.24,102.7,6.12,0.03,0.2,0.09,0.497,,,,,,,,,,,,,,,,,,,,
303,2020,3,12,,KS,2.0,KS2滿,滿,12:42:00,20.5,30.6,8.09,9.36,104.0,112.0,0.04,0.34,0.2,0.762,,,,,,,,,,,,,,,,,,,,
304,2020,3,12,,KS,3.0,KS3滿,滿,12:52:00,20.9,33.6,8.12,9.22,103.2,33.1,0.02,0.16,0.07,0.28,,,,,,,,,,,,,,,,,,,,
305,2020,3,12,,G1,,G1滿,滿,12:40:00,20.4,33.3,7.95,9.1,101.8,91.0,0.03,0.26,0.08,0.502,,,,,,,,,,,,,,,,,,,,
306,2020,3,12,,G2,,G2滿,滿,12:55:00,20.5,33.5,7.92,9.09,101.3,56.6,0.03,0.25,0.09,0.396,,,,,,,,,,,,,,,,,,,,
307,2020,4,8,SP,BY,1.0,BY1-H,H,17:36:00,18.6,31.4,8.2,9.75,104.4,30.2,0.06,0.81,0.21,0.149,,,0.6999999999999998,,,,,,,,,,,0.12,0.04,,,,,
308,2020,4,8,SP,BY,1.0,BY1-M,M,17:25:00,18.5,32.7,8.22,9.73,104.2,13.4,0.07,0.84,0.25,0.105,,,31.566666666666666,,,,,,,,,,,0.35,0.1,,,,,
309,2020,4,8,SP,BY,1.0,BY1-L,L,17:15:00,19.3,32.5,8.0,7.59,82.6,25.5,0.03,0.34,0.23,0.113,,,0.8833333333333333,,,,,,,,,,,0.44,0.22,,,,,
310,2020,4,9,SP,BY,2.0,BY2-H,H,15:50:00,23.0,33.0,8.35,9.73,113.4,24.4,0.04,0.57,0.08,0.144,,,1.0166666666666666,,,,,,,,,,,0.28,0.2,,,,,
311,2020,4,9,SP,BY,2.0,BY2-M,M,16:00:00,22.7,32.5,8.4,9.14,106.1,19.7,0.04,0.58,0.08,0.109,,,1.6833333333333333,,,,,,,,,,,0.57,0.16,,,,,
312,2020,4,9,SP,BY,2.0,BY2-L,L,16:15:00,22.3,31.9,8.35,9.65,110.2,41.2,0.05,0.56,0.12,0.102,,,0.9999999999999999,,,,,,,,,,,0.55,0.08,,,,,
313,2020,4,9,SP,BY,3.0,BY3-H,H,16:27:00,21.7,33.1,8.29,9.55,108.4,27.5,0.05,0.58,0.07,0.115,,,2.1166666666666667,,,,,,,,,,,0.16,0.24,,,,,
314,2020,4,9,SP,BY,3.0,BY3-M,M,16:38:00,22.0,32.7,8.26,9.05,103.3,51.1,0.04,0.56,0.06,0.031,,,1.5333333333333332,,,,,,,,,,,0.86,0.02,,,,,
315,2020,4,9,SP,BY,3.0,BY3-L,L,16:51:00,22.4,32.8,8.3,9.06,103.3,46.0,0.04,0.57,0.08,0.118,,,0.30000000000000004,,,,,,,,,,,0.77,0.12,,,,,
316,2020,4,8,SP,G1,1.0,G1-1-H,H,16:40:00,19.6,32.7,8.06,9.09,99.6,104.0,0.05,0.66,0.2,0.066,,,,,,,,,,,,,,0.02,0.01,,,,,
317,2020,4,8,SP,G1,1.0,G1-1-M,M,16:20:00,19.4,32.3,8.04,9.53,103.6,98.0,0.06,0.77,0.25,0.112,,,36.6,,,,,,,,,,,0.15,0.24,,,,,
318,2020,4,8,SP,G1,1.0,G1-1-L,L,16:10:00,19.7,32.4,8.03,9.44,103.7,103.0,0.05,0.75,0.2,0.078,,,2.033333333333333,,,,,,,,,,,0.66,0.02,,,,,
319,2020,4,8,SP,G1,3.0,G1-3-H,H,15:22:00,19.8,33.0,8.06,9.97,109.6,38.5,0.05,0.5,0.1,0.082,,,0.5000000000000001,,,,,,,,,,,0.32,0.05,,,,,
320,2020,4,8,SP,G1,3.0,G1-3-M,M,15:37:00,20.2,33.1,8.04,9.78,107.7,87.0,0.05,0.49,0.1,0.089,,,0.9666666666666668,,,,,,,,,,,0.32,0.12,,,,,
321,2020,4,8,SP,G1,3.0,G1-3-L,L,15:50:00,20.1,32.7,8.04,9.18,100.9,138.0,0.05,0.66,0.22,0.144,,,0.4166666666666667,,,,,,,,,,,0.52,0.02,,,,,
322,2020,4,8,SP,G2,1.0,G2-1-H,H,15:40:00,19.6,33.2,7.98,10.39,113.4,40.4,0.05,0.48,0.08,0.057,,,1.2333333333333334,,,,,,,,,,,0.02,0.08,,,,,
323,2020,4,8,SP,G2,1.0,G2-1-M,M,15:33:00,19.5,33.4,7.99,10.14,110.4,32.5,0.05,0.49,0.08,0.098,,,1.1333333333333335,,,,,,,,,,,0.08,0.12,,,,,
324,2020,4,8,SP,G2,1.0,G2-1-L,L,15:30:00,19.9,33.3,7.96,10.26,112.6,35.9,0.05,0.48,0.09,0.071,,,0.8333333333333334,,,,,,,,,,,0.64,0.04,,,,,
325,2020,4,8,SP,G2,3.0,G2-3-H,H,16:06:00,18.8,33.4,8.49,12.37,132.1,27.5,0.04,0.47,0.07,0.071,,,1.2166666666666668,,,,,,,,,,,0.03,0.01,,,,,
326,2020,4,8,SP,G2,3.0,G2-3-M,M,16:00:00,19.0,33.3,8.41,12.07,128.2,9.0,0.03,0.5,0.05,0.131,,,1,,,,,,,,,,,0.08,0.32,,,,,
327,2020,4,8,SP,G2,3.0,G2-3-L,L,15:54:00,20.1,33.5,8.01,9.2,101.3,121.0,0.03,0.47,0.07,0.12,,,0.48333333333333334,,,,,,,,,,,0.36,0.12,,,,,
328,2020,4,9,SP,KS,1.0,KS1-H,H,16:23:00,23.2,33.3,8.69,13.47,157.3,70.0,0.03,0.37,0.03,0.085,,,0.7999999999999999,,,,,,,,,,,0.12,0.053,,,,,
329,2020,4,9,SP,KS,1.0,KS1-M,M,16:18:00,22.5,33.5,8.36,10.94,126.4,15.3,0.04,0.4,0.05,0.052,,,1.1666666666666667,,,,,,,,,,,0.36,0.14,,,,,
330,2020,4,9,SP,KS,1.0,KS1-L,L,19:09:00,22.1,33.4,8.22,10.69,122.5,42.9,0.04,0.4,0.02,0.145,,,0.9166666666666666,,,,,,,,,,,0.44,0.2,,,,,
331,2020,4,8,SP,KS,2.0,KS2-H,H,16:46:00,18.9,32.7,8.58,11.4,122.6,15.7,0.04,0.44,0.07,0.101,,,1.4000000000000001,,,,,,,,,,,0.137,0.053,,,,,
332,2020,4,8,SP,KS,2.0,KS2-M,M,16:41:00,18.9,32.5,8.6,11.94,127.8,4.7,0.04,0.58,0.06,0.128,,,1.05,,,,,,,,,,,0.41,0.013,,,,,
333,2020,4,8,SP,KS,2.0,KS2-L,L,16:35:00,19.9,30.3,8.13,6.86,76.1,25.2,0.09,1.16,0.33,0.106,,,0.6,,,,,,,,,,,0.547,0.1,,,,,
334,2020,4,8,SP,KS,3.0,KS3-H,H,17:14:00,18.7,33.6,8.39,10.92,116.5,13.5,0.02,0.33,0.04,0.119,,,1.6666666666666667,,,,,,,,,,,0.003,0.17,,,,,
335,2020,4,8,SP,KS,3.0,KS3-M,M,17:16:00,19.4,33.6,8.26,11.39,123.5,18.6,0.04,0.36,0.04,0.149,,,1.45,,,,,,,,,,,0.093,0.103,,,,,
336,2020,4,8,SP,KS,3.0,KS3-L,L,16:50:00,19.3,33.4,8.24,9.72,105.6,108.0,0.03,0.39,0.07,0.139,,,1.7,,,,,,,,,,,0.66,0.063,,,,,
337,2020,4,9,,KS,1.0,KS1滿,滿,12:25:00,21.3,33.7,8.03,9.41,106.2,50.1,0.07,0.35,0.04,0.125,,,,,,,,,,,,,,,,,,,,
338,2020,4,9,,KS,2.0,KS2滿,滿,12:40:00,21.0,24.8,8.03,8.96,100.5,69.6,0.08,0.57,1.11,0.762,,,,,,,,,,,,,,,,,,,,
339,2020,4,9,,KS,3.0,KS3滿,滿,12:48:00,21.5,33.6,8.05,8.97,101.8,56.3,0.08,0.34,0.12,0.073,,,,,,,,,,,,,,,,,,,,
340,2020,4,9,,G1,,G1滿,滿,12:57:00,21.7,33.0,8.09,9.03,102.2,75.1,0.07,0.43,0.08,0.052,,,,,,,,,,,,,,,,,,,,
341,2020,4,9,,G2,,G2滿,滿,13:10:00,21.9,33.3,8.1,8.89,102.3,69.2,0.06,0.47,0.07,0.058,,,,,,,,,,,,,,,,,,,,
342,2020,5,5,SP,BY,1.0,BY1-H,H,14:13:00,30.6,34.2,8.35,8.91,118.7,10.6,0.01,ND<0.011,0.06,0.065,,4.363545638599873,2.4,6.0,1.3333333,17.666667,3.0,,,,,,,,,,,,,
343,2020,5,5,SP,BY,1.0,BY1-M,M,14:05:00,30.2,34.6,8.31,8.18,108.7,2.1,0.01,ND<0.011,0.05,0.07,,4.486270958961776,11.5,5.0,2.6666667,17.333333,8.0,,,,,,,,,,,,,
344,2020,5,5,SP,BY,1.0,BY1-L,L,13:58:00,29.6,33.8,8.34,8.98,118.1,14.8,0.01,ND<0.011,0.04,0.073,,0.8800409552945448,0.8500000000000001,1.3333333,0.6666667,23.0,3.0,,,,,,,,,,,,,
345,2020,5,5,SP,BY,2.0,BY2-H,H,14:25:00,30.4,31.8,8.38,10.74,142.8,22.1,0.01,0.02,0.05,0.087,,2.0569634014674762,0.43333333333333335,0.3333333,0.8333333,23.833333,2.5,,,,,,,,,,,,,
346,2020,5,5,SP,BY,2.0,BY2-M,M,14:35:00,30.1,32.2,8.42,8.71,116.3,2.8,0.01,0.04,0.06,0.081,,1.517621995909601,1.0166666666666668,1.1666667,2.5,21.333333,3.5,,,,,,,,,,,,,
347,2020,5,5,SP,BY,2.0,BY2-L,L,14:43:00,29.9,32.7,8.43,9.47,125.4,9.1,0.02,0.02,0.05,0.09,,2.3587356763621594,0.7333333333333334,5.5,3.5,16.0,11.666667,,,,,,,,,,,,,
348,2020,5,5,SP,BY,3.0,BY3-H,H,15:05:00,30.2,32.3,8.47,9.32,123.4,5.0,0.01,0.06,0.04,0.069,,3.0473920952087084,1.2166666666666666,2.1666667,3.8333333,19.0,0.8333333,,,,,,,,,,,,,
349,2020,5,5,SP,BY,3.0,BY3-M,M,14:56:00,29.6,32.4,8.34,8.44,110.2,3.9,0.02,0.04,0.06,0.087,,2.174416314298288,0.6333333333333334,0.6666667,1.0333333,23.3,1.6666667,,,,,,,,,,,,,
350,2020,5,5,SP,BY,3.0,BY3-L,L,14:50:00,29.5,32.7,8.36,10.04,131.1,2.6,0.01,0.05,0.07,0.069,,1.8916780682699688,0.39999999999999997,0.3333333,1.8333333,22.833333,0.8333333,,,,,,,,,,,,,
351,2020,5,6,SP,G1,1.0,G1-1-H,H,16:45:00,26.2,34.5,8.31,8.82,108.7,4.2,0.01,ND<0.011,0.03,0.077,,1.4095926596982322,,4.0,0.0,21.0,14.333333,,,,,,,,,,,,,
352,2020,5,6,SP,G1,1.0,G1-1-M,M,16:19:00,26.5,34.8,8.24,8.38,104.1,5.2,0.01,ND<0.011,0.07,0.088,,1.281724220242883,35.416666666666664,5.6666667,0.0,19.333333,13.5,,,,,,,,,,,,,
353,2020,5,6,SP,G1,1.0,G1-1-L,L,16:00:00,27.0,34.8,8.35,9.52,120.1,5.3,0.01,ND<0.011,0.04,0.075,,2.3913196297422257,2.466666666666667,4.3333333,0.0,20.666667,5.3333333,,,,,,,,,,,,,
354,2020,5,6,SP,G1,3.0,G1-3-H,H,14:15:00,27.6,34.8,8.24,8.81,112.3,11.1,0.01,ND<0.011,0.02,0.099,,1.1275468739590249,0.5666666666666667,1.3333333,0.0,23.666667,10.0,,,,,,,,,,,,,
355,2020,5,6,SP,G1,3.0,G1-3-M,M,14:45:00,27.7,34.8,8.24,8.85,112.2,32.7,0.01,ND<0.011,0.03,0.099,,1.0408608024514312,1.0666666666666667,2.5,0.0,22.5,4.8333333,,,,,,,,,,,,,
356,2020,5,6,SP,G1,3.0,G1-3-L,L,15:05:00,27.5,34.9,8.27,9.4,119.0,6.9,0.01,ND<0.011,0.02,0.126,,2.8381060033012244,0.18333333333333335,0.6666667,0.0,24.333333,4.3333333,,,,,,,,,,,,,
357,2020,5,6,SP,G2,1.0,G2-1-H,H,14:52:00,27.6,34.1,8.41,9.25,117.3,7.1,0.01,ND<0.011,0.06,0.075,,1.5298856464708082,1.8500000000000003,4.3333333,0.0,20.666667,9.3333333,,,,,,,,,,,,,
358,2020,5,6,SP,G2,1.0,G2-1-M,M,14:43:00,27.0,34.7,8.47,10.34,129.7,16.5,0.01,ND<0.011,0.02,0.101,,1.0170420445471589,1.8833333333333335,2.0,1.3333333,21.666667,13.0,,,,,,,,,,,,,
359,2020,5,6,SP,G2,1.0,G2-1-L,L,14:35:00,27.6,34.7,8.4,9.21,116.8,5.3,0.01,ND<0.011,0.02,0.075,,0.7557964276517807,1.4833333333333334,4.0,0.0,21.0,10.666667,,,,,,,,,,,,,
360,2020,5,6,SP,G2,3.0,G2-3-H,H,15:45:00,26.5,34.9,8.68,11.0,137.0,14.8,0.01,ND<0.011,0.04,0.082,,1.3294656308565944,1.7166666666666668,5.0,0.0,20.0,0.0,,,,,,,,,,,,,
361,2020,5,6,SP,G2,3.0,G2-3-M,M,15:32:00,26.2,34.5,8.65,11.04,136.6,3.2,0.01,ND<0.011,0.05,0.067,,0.3447167711871833,2,3.3333333,0.0,21.666667,11.333333,,,,,,,,,,,,,
362,2020,5,6,SP,G2,3.0,G2-3-L,L,15:14:00,27.6,34.6,8.41,7.83,99.2,7.1,0.01,ND<0.011,0.02,0.098,,5.317088346824148,1.3999999999999997,3.0,0.0,22.0,2.3333333,,,,,,,,,,,,,
363,2020,5,5,SP,KS,1.0,KS1-H,H,13:24:00,30.7,34.5,8.35,10.43,139.7,6.9,0.02,ND<0.011,0.08,0.068,,1.2632353577948352,1.0000000000000002,5.0,0.0,20.0,8.0,,,,,,,,,,,,,
364,2020,5,5,SP,KS,1.0,KS1-M,M,13:33:00,28.4,34.0,8.31,9.73,125.7,8.6,0.02,ND<0.011,0.06,0.074,,0.9360162095479154,3.25,12.333333,0.0,12.666667,8.6666667,,,,,,,,,,,,,
365,2020,5,5,SP,KS,1.0,KS1-L,L,13:36:00,28.4,34.0,8.29,9.49,122.2,5.3,0.02,ND<0.011,0.06,0.087,,1.7584869022221068,2.1333333333333333,2.6666667,0.0,22.333333,6.3333333,,,,,,,,,,,,,
366,2020,5,5,SP,KS,2.0,KS2-H,H,14:16:00,30.3,35.1,8.56,8.84,117.6,0.5,0.01,ND<0.011,0.05,0.054,,0.8008885122613674,2.3833333333333333,11.0,2.3333333,11.666667,5.6666667,,,,,,,,,,,,,
367,2020,5,5,SP,KS,2.0,KS2-M,M,14:11:00,29.8,35.0,8.58,9.93,131.2,2.5,0.02,ND<0.011,0.04,0.062,,1.0428829375836457,1.9666666666666666,0.6666667,2.3333333,22.0,0.0,,,,,,,,,,,,,
368,2020,5,5,SP,KS,2.0,KS2-L,L,14:04:00,28.8,34.4,8.35,8.58,111.1,17.1,0.01,ND<0.011,0.03,0.081,,2.39406756998409,0.8833333333333333,0.3333333,0.6666667,24.0,0.6666667,,,,,,,,,,,,,
369,2020,5,5,SP,KS,3.0,KS3-H,H,14:55:00,29.7,34.9,8.64,10.23,134.8,2.7,0.01,ND<0.011,0.05,0.056,,0.9029856838687023,3.35,4.3333333,1.6666667,19.0,0.0,,,,,,,,,,,,,
370,2020,5,5,SP,KS,3.0,KS3-M,M,14:47:00,29.1,34.4,8.6,10.72,139.8,5.6,0.01,ND<0.011,0.04,0.062,,0.653431051349619,1.6499999999999997,2.6666667,1.6666667,20.666667,2.3333333,,,,,,,,,,,,,
371,2020,5,5,SP,KS,3.0,KS3-L,L,14:42:00,29.0,29.9,8.52,8.25,107.3,4.8,0.01,ND<0.011,0.05,0.085,,3.3893561139211994,1.9833333333333334,10.0,1.0,14.0,0.3333333,,,,,,,,,,,,,
372,2020,5,6,,KS,1.0,KS1滿,滿,10:04:00,27.5,34.4,8.59,7.98,101.0,35.9,0.01,ND<0.011,0.04,0.124,,,,,,,,,,,,,,,,,,,,
373,2020,5,6,,KS,2.0,KS2滿,滿,10:18:00,27.5,34.1,8.31,7.98,101.1,71.2,0.01,0.014,0.07,0.127,,,,,,,,,,,,,,,,,,,,
374,2020,5,6,,KS,3.0,KS3滿,滿,10:27:00,27.4,34.5,8.33,7.93,100.3,26.7,0.01,ND<0.011,0.03,0.143,,,,,,,,,,,,,,,,,,,,
375,2020,5,6,,G1,,G1滿,滿,10:18:00,28.7,34.7,8.18,7.96,103.2,19.8,0.01,ND<0.011,0.03,0.083,,,,,,,,,,,,,,,,,,,,
376,2020,5,6,,G2,,G2滿,滿,10:35:00,28.2,34.7,8.23,8.27,105.3,9.1,0.01,0.012,0.03,0.1,,,,,,,,,,,,,,,,,,,,
377,2020,7,6,SM,BY,1.0,BY1-H,H,16:03:00,32.8,32.5,8.11,8.35,115.1,4.5,ND<0.00095,0.03,0.056,0.08,,,12.6,,,,,,,,,,,,,,,,,
378,2020,7,6,SM,BY,1.0,BY1-M,M,16:17:00,33.1,28.3,8.19,9.36,130.9,6.4,0.02,0.02,0.067,0.07,,,5.216666666666666,,,,,,,,,,,,,,,,,
379,2020,7,6,SM,BY,1.0,BY1-L,L,16:25:00,31.9,30.3,8.17,7.91,108.1,59.8,ND<0.00095,0.05,0.096,0.07,,,2.066666666666667,,,,,,,,,,,,,,,,,
380,2020,7,6,SM,BY,2.0,BY2-H,H,16:38:00,32.7,30.6,8.21,8.54,117.8,2.6,ND<0.00095,0.03,0.055,0.06,,,1.9666666666666668,,,,,,,,,,,,,,,,,
381,2020,7,6,SM,BY,2.0,BY2-M,M,16:44:00,31.9,32.7,8.14,9.03,122.8,2.7,<0.01,0.03,0.054,0.05,,,2.1,,,,,,,,,,,,,,,,,
382,2020,7,6,SM,BY,2.0,BY2-L,L,16:50:00,31.3,32.9,8.16,9.39,128.2,6.3,0.01,0.015,0.049,0.05,,,0.8833333333333333,,,,,,,,,,,,,,,,,
383,2020,7,6,SM,BY,3.0,BY3-H,H,17:25:00,31.4,31.6,8.12,7.98,107.6,11.1,ND<0.00095,0.05,0.061,0.07,,,1.1166666666666667,,,,,,,,,,,,,,,,,
384,2020,7,6,SM,BY,3.0,BY3-M,M,17:17:00,31.7,31.8,8.05,7.08,95.8,5.8,<0.01,0.09,0.063,0.08,,,0.26666666666666666,,,,,,,,,,,,,,,,,
385,2020,7,6,SM,BY,3.0,BY3-L,L,16:58:00,31.5,32.9,8.08,8.4,114.2,5.3,0.01,0.03,0.054,0.06,,,0.7666666666666667,,,,,,,,,,,,,,,,,
386,2020,7,7,SM,G1,1.0,G1-1-H,H,17:55:00,29.4,34.2,8.04,7.73,101.6,13.9,ND<0.00095,0.011,0.068,0.1,,,,,,,,,,,,,,,,,,,,
387,2020,7,7,SM,G1,1.0,G1-1-M,M,18:03:00,29.8,34.2,8.11,7.8,102.9,6.3,0.01,ND<0.011,0.059,0.05,,,2.9500000000000006,,,,,,,,,,,,,,,,,
388,2020,7,7,SM,G1,1.0,G1-1-L,L,18:08:00,29.8,34.2,8.12,8.82,103.6,12.5,ND<0.00095,0.014,0.066,0.04,,,0.3,,,,,,,,,,,,,,,,,
389,2020,7,7,SM,G1,3.0,G1-3-H,H,17:00:00,30.9,34.2,8.15,9.45,127.2,4.8,ND<0.00095,0.011,0.046,0.05,,,0.43333333333333335,,,,,,,,,,,,,,,,,
390,2020,7,7,SM,G1,3.0,G1-3-M,M,17:09:00,30.8,34.1,8.05,8.51,114.3,10.5,0.01,ND<0.011,0.061,0.04,,,0.7833333333333333,,,,,,,,,,,,,,,,,
391,2020,7,7,SM,G1,3.0,G1-3-L,L,17:28:00,30.4,34.1,8.1,8.06,107.6,34.0,ND<0.00095,0.013,0.119,0.04,,,0.7000000000000001,,,,,,,,,,,,,,,,,
392,2020,7,7,SM,G2,1.0,G2-1-H,H,17:22:00,30.5,33.9,8.31,8.83,117.9,6.3,ND<0.00095,0.02,0.043,0.05,,,2.1833333333333336,,,,,,,,,,,,,,,,,
393,2020,7,7,SM,G2,1.0,G2-1-M,M,17:17:00,30.8,34.0,8.25,9.16,122.8,6.0,ND<0.00095,ND<0.011,0.051,0.04,,,1.9166666666666667,,,,,,,,,,,,,,,,,
394,2020,7,7,SM,G2,1.0,G2-1-L,L,17:12:00,31.0,33.8,8.3,9.34,125.8,6.9,ND<0.00095,0.011,0.046,0.04,,,1.5833333333333333,,,,,,,,,,,,,,,,,
395,2020,7,7,SM,G2,3.0,G2-3-H,H,17:51:00,29.6,34.4,8.31,8.17,107.6,3.7,ND<0.00095,ND<0.011,0.041,0.06,,,1.25,,,,,,,,,,,,,,,,,
396,2020,7,7,SM,G2,3.0,G2-3-M,M,17:47:00,30.0,34.4,8.34,7.98,105.5,4.8,ND<0.00095,0.02,0.052,0.05,,,1.2333333333333334,,,,,,,,,,,,,,,,,
397,2020,7,7,SM,G2,3.0,G2-3-L,L,17:38:00,30.7,33.9,8.28,8.04,107.7,36.0,ND<0.00095,0.012,0.095,0.07,,,0.7999999999999999,,,,,,,,,,,,,,,,,
398,2020,7,6,SM,KS,1.0,KS1-H,H,16:22:00,31.6,34.0,8.36,9.47,129.2,1.9,<0.01,0.03,0.082,0.08,,,1.5833333333333333,,,,,,,,,,,,,,,,,
399,2020,7,6,SM,KS,1.0,KS1-M,M,16:17:00,31.1,33.4,8.16,8.05,108.6,6.3,ND<0.00095,0.013,0.066,0.05,,,1.9333333333333333,,,,,,,,,,,,,,,,,
400,2020,7,6,SM,KS,1.0,KS1-L,L,16:13:00,31.1,33.4,7.76,9.14,123.4,3.0,ND<0.00095,0.014,0.052,0.05,,,2.533333333333333,,,,,,,,,,,,,,,,,
401,2020,7,6,SM,KS,2.0,KS2-H,H,17:04:00,30.7,34.6,8.35,8.64,115.5,0.8,ND<0.00095,ND<0.011,0.069,0.06,,,0.5333333333333333,,,,,,,,,,,,,,,,,
402,2020,7,6,SM,KS,2.0,KS2-M,M,16:59:00,31.0,34.2,8.47,9.0,121.3,3.7,ND<0.00095,0.013,0.046,0.06,,,1.1166666666666665,,,,,,,,,,,,,,,,,
403,2020,7,6,SM,KS,2.0,KS2-L,L,16:42:00,30.6,33.6,8.31,7.12,99.2,9.7,ND<0.00095,ND<0.011,0.062,0.05,,,0.6833333333333332,,,,,,,,,,,,,,,,,
404,2020,7,6,SM,KS,3.0,KS3-H,H,17:30:00,30.4,33.8,8.19,6.56,87.4,6.1,0.01,0.014,0.066,0.07,,,1.4666666666666666,,,,,,,,,,,,,,,,,
405,2020,7,6,SM,KS,3.0,KS3-M,M,17:26:00,29.9,34.1,8.36,8.69,114.9,7.4,ND<0.00095,0.03,0.061,0.06,,,1.4500000000000002,,,,,,,,,,,,,,,,,
406,2020,7,6,SM,KS,3.0,KS3-L,L,17:23:00,30.3,33.8,8.35,9.29,123.9,2.4,ND<0.00095,0.02,0.058,0.05,,,1.7666666666666668,,,,,,,,,,,,,,,,,
407,2020,7,7,,KS,1.0,KS1滿,滿,12:59:00,30.7,33.5,8.22,8.08,108.2,25.5,ND<0.00095,ND<0.011,0.085,0.04,,,,,,,,,,,,,,,,,,,,
408,2020,7,7,,KS,2.0,KS2滿,滿,13:15:00,30.5,33.4,8.18,7.86,104.9,23.3,ND<0.00095,0.013,0.065,0.05,,,,,,,,,,,,,,,,,,,,
409,2020,7,7,,KS,3.0,KS3滿,滿,13:23:00,30.0,33.4,8.17,7.96,105.1,33.6,0.01,ND<0.011,0.087,0.06,,,,,,,,,,,,,,,,,,,,
410,2020,7,7,,G1,,G1滿,滿,12:56:00,31.4,33.9,8.06,7.48,102.3,24.6,ND<0.00095,ND<0.011,0.101,0.04,,,,,,,,,,,,,,,,,,,,
411,2020,7,7,,G2,,G2滿,滿,13:18:00,31.2,34.0,8.03,7.82,105.6,14.2,ND<0.00095,ND<0.011,0.038,0.04,,,,,,,,,,,,,,,,,,,,
412,2020,8,18,SM,BY,1.0,BY1-H,H,14:53:00,32.7,29.1,8.09,8.38,115.4,7.1,ND<0.00095,0.05,0.055,0.06,,1.6232028210527154,17.1,25.0,0.0,0.0,0.0,,,,,,,,,,,,,
413,2020,8,18,SM,BY,1.0,BY1-M,M,14:45:00,32.5,34.2,8.18,10.12,139.2,10.2,0.01,ND<0.011,0.064,0.03,,3.1273462385644066,1.9833333333333334,6.6666667,2.6666667,15.666667,10.333333,,,,,,,,,,,,,
414,2020,8,18,SM,BY,1.0,BY1-L,L,14:39:00,31.7,33.4,8.15,8.01,108.6,84.0,ND<0.00095,0.03,0.077,0.02,,3.608770593360974,2.75,2.6666667,0.6666667,21.666667,3.0,,,,,,,,,,,,,
415,2020,8,18,SM,BY,2.0,BY2-H,H,15:05:00,34.4,26.0,8.18,9.11,129.1,15.5,0.01,0.23,0.119,0.08,,0.24605810802200193,1.9833333333333334,6.3333333,3.3333333,15.333333,5.6666667,,,,,,,,,,,,,
416,2020,8,18,SM,BY,2.0,BY2-M,M,15:12:00,33.4,34.0,8.14,8.21,114.6,28.2,ND<0.00095,0.03,0.064,0.03,,2.574040046686539,1.7,1.0,4.5,19.5,3.8333333,,,,,,,,,,,,,
417,2020,8,18,SM,BY,2.0,BY2-L,L,15:15:00,31.9,34.3,8.22,9.59,103.8,17.7,0.01,0.02,0.079,0.03,,3.024424880349015,2.0833333333333335,1.0,5.1666667,18.833333,5.0,,,,,,,,,,,,,
418,2020,8,18,SM,BY,3.0,BY3-H,H,15:47:00,33.6,33.4,8.25,10.99,154.6,6.4,0.01,0.04,0.047,0.04,,4.323898114787572,1.7833333333333332,1.3333333,0.8333333,22.833333,0.3333333,,,,,,,,,,,,,
419,2020,8,18,SM,BY,3.0,BY3-M,M,15:27:00,31.8,34.3,8.08,7.29,99.3,17.2,<0.01,0.07,0.072,0.04,,1.7604210130911138,2.0166666666666666,2.0,0.8333333,22.166667,2.3333333,,,,,,,,,,,,,
420,2020,8,18,SM,BY,3.0,BY3-L,L,15:20:00,31.8,34.2,8.12,8.17,110.9,17.4,ND<0.00095,0.05,0.067,0.04,,1.5141719293159774,1.7333333333333334,1.3333333,0.3333333,23.333333,3.5,,,,,,,,,,,,,
421,2020,8,19,SM,G1,1.0,G1-1-H,H,17:50:00,31.8,34.5,8.21,8.72,118.2,7.1,0.01,0.02,0.059,0.05,,6.589178137690515,39.5,25.0,0.0,0.0,0.0,,,,,,,,,,,,,
422,2020,8,19,SM,G1,1.0,G1-1-M,M,17:40:00,31.5,34.8,8.2,7.71,124.1,6.1,ND<0.00095,0.06,0.075,0.06,,4.723488198900885,3.0833333333333335,2.6666667,0.0,22.333333,3.1666667,,,,,,,,,,,,,
423,2020,8,19,SM,G1,1.0,G1-1-L,L,17:26:00,31.8,34.4,8.53,8.41,114.5,39.7,ND<0.00095,0.04,0.13,0.02,,6.353647417387482,1.3,3.3333333,0.0,21.666667,8.1666667,,,,,,,,,,,,,
424,2020,8,19,SM,G1,3.0,G1-3-H,H,15:15:00,31.2,34.3,8.14,8.75,119.9,11.1,0.01,ND<0.011,0.044,0.04,,2.1063966705892585,1.3166666666666667,0.5,0.0,24.5,7.1666667,,,,,,,,,,,,,
425,2020,8,19,SM,G1,3.0,G1-3-M,M,16:16:00,32.5,34.3,8.18,8.32,114.5,7.7,0.01,0.02,0.042,0.03,,1.9726817431631154,1.8166666666666667,2.3333333,0.0,22.666667,5.6666667,,,,,,,,,,,,,
426,2020,8,19,SM,G1,3.0,G1-3-L,L,16:00:00,32.3,34.3,8.24,8.35,114.9,25.3,0.01,0.02,0.107,0.03,,1.2311933855819837,1.6833333333333333,1.8333333,0.0,23.166667,5.6666667,,,,,,,,,,,,,
427,2020,8,19,SM,G2,1.0,G2-1-H,H,16:02:00,33.2,34.3,8.52,9.0,125.5,8.9,ND<0.00095,0.02,0.049,0.04,,4.927385052748467,1.4166666666666667,1.0,0.0,24.0,3.6666667,,,,,,,,,,,,,
428,2020,8,19,SM,G2,1.0,G2-1-M,M,15:51:00,32.9,34.2,8.43,8.72,121.3,8.9,ND<0.00095,0.02,0.035,0.04,,0.5236798551731594,1.9666666666666668,10.666667,1.0,13.333333,13.333333,,,,,,,,,,,,,
429,2020,8,19,SM,G2,1.0,G2-1-L,L,15:39:00,32.9,34.3,8.47,8.3,115.3,11.2,ND<0.00095,0.04,0.089,0.06,,6.161013900699801,3.066666666666667,11.333333,0.0,13.666667,13.333333,,,,,,,,,,,,,
430,2020,8,19,SM,G2,3.0,G2-3-H,H,16:57:00,33.2,34.8,8.89,10.5,146.4,4.1,ND<0.00095,0.03,0.035,0.04,,0.5319745237324047,1.5000000000000002,2.3333333,0.3333333,22.333333,2.0,,,,,,,,,,,,,
431,2020,8,19,SM,G2,3.0,G2-3-M,M,16:46:00,32.9,34.7,8.63,8.77,122.0,6.5,0.01,0.05,0.048,0.03,,0.47992874910534167,1.666666666666667,6.6666667,0.0,18.333333,9.6666667,,,,,,,,,,,,,
432,2020,8,19,SM,G2,3.0,G2-3-L,L,16:30:00,32.7,34.2,8.52,8.74,121.0,14.0,0.01,0.03,0.074,0.04,,1.7595886300612589,1.4666666666666668,20.0,0.0,5.0,4.3333333,,,,,,,,,,,,,
433,2020,8,18,SM,KS,1.0,KS1-H,H,14:44:00,32.7,34.0,8.41,10.21,141.1,8.2,0.01,0.09,0.072,0.09,,3.2586422200901937,1.45,2.3333333,0.6666667,22.0,7.3333333,,,,,,,,,,,,,
434,2020,8,18,SM,KS,1.0,KS1-M,M,14:38:00,31.9,33.7,8.22,9.2,125.8,13.4,ND<0.00095,0.03,0.057,0.03,,4.830513446382111,1.05,4.3333333,0.0,20.666667,10.0,,,,,,,,,,,,,
435,2020,8,18,SM,KS,1.0,KS1-L,L,14:31:00,32.0,33.8,7.88,9.41,127.9,10.1,ND<0.00095,0.02,0.036,0.03,,0.421831247460942,2.0833333333333335,9.0,0.3333333,15.666667,10.666667,,,,,,,,,,,,,
436,2020,8,18,SM,KS,2.0,KS2-H,H,15:39:00,33.4,34.3,8.64,9.6,134.7,5.4,<0.01,0.04,0.045,0.07,,2.3432771846562748,0.9500000000000001,11.333333,2.3333333,11.333333,2.0,,,,,,,,,,,,,
437,2020,8,18,SM,KS,2.0,KS2-M,M,15:33:00,33.5,34.1,8.78,9.79,137.7,5.4,0.01,0.03,0.05,0.04,,0.804565048597087,0.9333333333333335,1.0,4.6666667,19.333333,2.3333333,,,,,,,,,,,,,
438,2020,8,18,SM,KS,2.0,KS2-L,L,15:28:00,31.9,33.8,8.43,7.51,103.2,14.9,ND<0.00095,0.04,0.064,0.04,,3.3757053437027555,0.7000000000000001,1.0,0.6666667,23.333333,1.6666667,,,,,,,,,,,,,
439,2020,8,18,SM,KS,3.0,KS3-H,H,16:13:00,32.1,23.5,8.58,7.75,106.5,12.7,0.01,0.07,0.057,0.03,,5.596157879354227,1.4666666666666668,5.3333333,2.6666667,17.0,0.0,,,,,,,,,,,,,
440,2020,8,18,SM,KS,3.0,KS3-M,M,16:10:00,32.2,35.0,8.91,8.53,117.2,2.7,ND<0.00095,0.04,0.036,0.02,,3.413763283768695,1.6666666666666667,15.666667,0.0,9.3333333,0.0,,,,,,,,,,,,,
441,2020,8,18,SM,KS,3.0,KS3-L,L,16:01:00,32.6,34.1,8.56,7.34,101.7,8.3,ND<0.00095,0.05,0.061,0.04,,3.7178040561472705,1.0666666666666667,9.6666667,5.0,10.333333,0.0,,,,,,,,,,,,,
442,2020,8,19,,KS,1.0,KS1滿,滿,11:30:00,31.0,33.9,8.24,7.57,101.9,12.5,ND<0.00095,0.03,0.083,0.02,,,,,,,,,,,,,,,,,,,,
443,2020,8,19,,KS,2.0,KS2滿,滿,11:36:00,31.0,32.0,8.24,7.39,99.5,18.0,0.04,0.11,0.092,0.06,,,,,,,,,,,,,,,,,,,,
444,2020,8,19,,KS,3.0,KS3滿,滿,11:42:00,30.5,33.9,8.3,7.48,100.3,10.7,0.01,ND<0.011,0.043,0.03,,,,,,,,,,,,,,,,,,,,
445,2020,8,19,,G1,,G1滿,滿,11:38:00,32.7,34.2,8.05,7.31,100.9,25.2,ND<0.00095,0.03,0.139,0.04,,,,,,,,,,,,,,,,,,,,
446,2020,8,19,,G2,,G2滿,滿,12:01:00,31.9,34.4,8.04,7.4,100.1,23.0,ND<0.00095,0.02,0.133,0.03,,,,,,,,,,,,,,,,,,,,
447,2020,9,23,A,BY,1.0,BY1-H,H,09:16:00,29.5,32.5,8.09,9.17,119.2,12.7,0.03,0.39,0.09,0.146,,,3.3166666666666664,,,,,,,,,,,,,,,,,
448,2020,9,23,A,BY,1.0,BY1-M,M,09:22:00,29.8,33.2,8.24,9.82,129.4,15.4,0.01,0.18,0.05,0.111,,,3.483333333333334,,,,,,,,,,,,,,,,,
449,2020,9,23,A,BY,1.0,BY1-L,L,09:27:00,28.9,33.0,8.17,9.19,118.7,34.1,0.02,0.39,0.05,0.195,,,1.1833333333333333,,,,,,,,,,,,,,,,,
450,2020,9,23,A,BY,2.0,BY2-H,H,09:13:00,30.0,30.3,8.11,9.84,129.9,5.5,0.02,0.42,0.05,0.12,,,1,,,,,,,,,,,,,,,,,
451,2020,9,23,A,BY,2.0,BY2-M,M,09:19:00,28.5,33.3,8.14,9.64,124.3,30.0,0.03,0.38,0.07,0.212,,,1.45,,,,,,,,,,,,,,,,,
452,2020,9,23,A,BY,2.0,BY2-L,L,09:24:00,29.0,33.8,8.2,9.04,117.5,41.3,0.03,0.39,0.08,0.348,,,1.1833333333333333,,,,,,,,,,,,,,,,,
453,2020,9,23,A,BY,3.0,BY3-H,H,09:45:00,29.1,33.5,8.19,8.68,115.6,20.1,0.02,0.4,0.08,0.195,,,1.5999999999999999,,,,,,,,,,,,,,,,,
454,2020,9,23,A,BY,3.0,BY3-M,M,09:37:00,27.9,33.4,8.03,9.24,117.4,22.8,0.02,0.43,0.09,0.199,,,1.45,,,,,,,,,,,,,,,,,
455,2020,9,23,A,BY,3.0,BY3-L,L,09:33:00,27.8,33.4,8.06,8.82,111.8,29.2,0.02,0.42,0.05,0.146,,,0.4833333333333334,,,,,,,,,,,,,,,,,
456,2020,9,22,A,G1,1.0,G1-1-H,H,08:10:00,27.3,34.2,8.0,8.52,107.2,36.6,0.02,0.2,0.07,0.202,,,42.333333333333336,,,,,,,,,,,,,,,,,
457,2020,9,22,A,G1,1.0,G1-1-M,M,08:02:00,27.1,33.9,8.0,8.44,102.5,32.3,0.02,0.19,0.06,0.302,,,1.7666666666666666,,,,,,,,,,,,,,,,,
458,2020,9,22,A,G1,1.0,G1-1-L,L,07:50:00,27.6,33.9,8.12,9.78,123.7,34.2,0.02,0.2,0.05,0.252,,,0.4666666666666666,,,,,,,,,,,,,,,,,
459,2020,9,22,A,G1,3.0,G1-3-H,H,07:30:00,27.0,33.8,8.04,9.29,116.2,19.8,0.02,0.21,0.07,0.138,,,0.9833333333333334,,,,,,,,,,,,,,,,,
460,2020,9,22,A,G1,3.0,G1-3-M,M,07:21:00,28.3,34.0,7.86,7.97,101.6,24.7,0.02,0.14,0.04,0.229,,,1.5166666666666666,,,,,,,,,,,,,,,,,
461,2020,9,22,A,G1,3.0,G1-3-L,L,07:11:00,28.2,33.9,7.91,8.21,104.9,105.0,0.02,0.16,0.04,0.242,,,0.9833333333333334,,,,,,,,,,,,,,,,,
462,2020,9,22,A,G2,1.0,G2-1-H,H,07:10:00,26.3,32.9,8.03,8.9,110.1,22.6,0.02,0.26,0.08,0.161,,,1.2,,,,,,,,,,,,,,,,,
463,2020,9,22,A,G2,1.0,G2-1-M,M,07:02:00,26.0,33.0,8.08,9.34,114.7,18.0,0.02,0.25,0.07,0.165,,,1.3666666666666665,,,,,,,,,,,,,,,,,
464,2020,9,22,A,G2,1.0,G2-1-L,L,06:57:00,26.0,33.1,8.06,8.96,110.4,22.5,0.02,0.24,0.05,0.143,,,0.6666666666666666,,,,,,,,,,,,,,,,,
465,2020,9,22,A,G2,3.0,G2-3-H,H,07:41:00,25.8,33.3,8.31,10.63,130.6,13.5,0.01,0.17,0.05,0.074,,,1.4666666666666668,,,,,,,,,,,,,,,,,
466,2020,9,22,A,G2,3.0,G2-3-M,M,07:36:00,26.5,33.1,8.03,12.04,149.2,11.5,0.02,0.21,0.06,0.143,,,1.4833333333333334,,,,,,,,,,,,,,,,,
467,2020,9,22,A,G2,3.0,G2-3-L,L,07:26:00,27.7,33.2,8.01,7.71,97.9,176.0,0.02,0.2,0.05,0.401,,,0.45,,,,,,,,,,,,,,,,,
468,2020,10,15,A,KS,1.0,KS1-H,H,13:47:00,27.6,34.6,8.23,9.06,115.1,8.0,0.02,0.17,0.06,0.101,,,2.783333333333333,,,,,,,,,,,,,,,,,
469,2020,10,15,A,KS,1.0,KS1-M,M,13:53:00,26.6,33.8,8.14,9.48,117.9,27.6,0.03,0.13,0.13,0.125,,,1.5333333333333332,,,,,,,,,,,,,,,,,
470,2020,10,15,A,KS,1.0,KS1-L,L,14:01:00,26.2,34.2,8.22,9.48,116.8,40.2,0.03,0.12,0.13,0.158,,,0.05000000000000001,,,,,,,,,,,,,,,,,
471,2020,10,15,A,KS,2.0,KS2-H,H,14:44:00,27.6,29.1,9.01,10.37,130.5,4.3,0.08,0.83,0.19,0.172,,,1.2000000000000002,,,,,,,,,,,,,,,,,
472,2020,10,15,A,KS,2.0,KS2-M,M,14:39:00,27.5,29.2,8.78,9.54,120.0,6.6,0.06,0.86,0.08,0.134,,,1.1500000000000001,,,,,,,,,,,,,,,,,
473,2020,10,15,A,KS,2.0,KS2-L,L,14:30:00,26.7,30.1,8.27,8.83,110.1,27.8,0.08,0.73,0.25,0.22,,,0.8333333333333334,,,,,,,,,,,,,,,,,
474,2020,10,15,A,KS,3.0,KS3-H,H,15:07:00,27.3,34.4,8.09,10.39,129.9,12.8,0.02,0.22,0.06,0.115,,,1.2166666666666668,,,,,,,,,,,,,,,,,
475,2020,10,15,A,KS,3.0,KS3-M,M,15:03:00,26.9,34.6,8.42,8.29,104.0,5.8,0.02,0.23,0.08,0.091,,,1.9666666666666666,,,,,,,,,,,,,,,,,
476,2020,10,15,A,KS,3.0,KS3-L,L,14:58:00,26.6,34.0,8.38,8.55,105.8,24.4,0.02,0.24,0.05,0.182,,,1.9166666666666667,,,,,,,,,,,,,,,,,
477,2020,10,15,,KS,1.0,KS1滿,滿,09:37:00,25.4,34.0,7.91,8.18,99.6,64.0,0.04,0.15,0.08,0.101,,,,,,,,,,,,,,,,,,,,
478,2020,10,15,,KS,2.0,KS2滿,滿,09:57:00,25.2,33.8,7.89,8.21,99.6,91.0,0.04,0.19,0.08,0.234,,,,,,,,,,,,,,,,,,,,
479,2020,10,15,,KS,3.0,KS3滿,滿,10:03:00,24.4,33.7,7.88,8.31,99.3,112.0,0.04,0.26,0.14,0.205,,,,,,,,,,,,,,,,,,,,
480,2020,9,23,,G1,,G1滿,滿,15:02:00,28.8,34.0,7.94,7.81,100.6,64.7,0.02,0.21,0.07,0.242,,,,,,,,,,,,,,,,,,,,
481,2020,9,23,,G2,,G2滿,滿,14:35:00,28.5,34.0,8.04,7.82,101.5,68.1,0.02,0.17,0.04,0.115,,,,,,,,,,,,,,,,,,,,
482,2020,12,16,W,BY,1.0,BY1-H,H,06:50:00,15.8,29.3,8.08,9.27,94.2,68.9,0.03,0.53,0.13,0.323,,6.476848064831879,23.416666666666668,25.0,0.0,0.0,0.0,,,,,,,,,,,,,
483,2020,12,16,W,BY,1.0,BY1-M,M,06:40:00,15.7,31.2,8.07,10.03,101.9,12.9,0.02,0.52,0.1,0.192,,7.733960950596583,2.0166666666666666,6.3333333,2.5,16.166667,1.6666667,,,,,,,,,,,,,
484,2020,12,16,W,BY,1.0,BY1-L,L,06:30:00,16.6,31.6,8.05,9.51,99.1,96.0,0.01,0.55,0.09,0.25,,5.914379697346228,0.9,1.8333333,0.3333333,22.833333,0.6666667,,,,,,,,,,,,,
485,2020,12,16,W,BY,2.0,BY2-H,H,07:16:00,15.8,31.0,8.13,10.14,102.2,30.2,0.01,0.51,0.1,0.25,,3.948260280727623,1.3166666666666667,5.6666667,2.0,17.333333,0.0,,,,,,,,,,,,,
486,2020,12,16,W,BY,2.0,BY2-M,M,07:08:00,17.3,31.2,8.19,8.61,90.1,48.9,0.01,0.26,0.31,0.27,,5.6122182307805355,1.4166666666666667,1.1666667,5.0,18.833333,6.3333333,,,,,,,,,,,,,
487,2020,12,16,W,BY,2.0,BY2-L,L,07:01:00,16.7,28.7,8.05,9.88,102.2,93.0,0.01,0.38,0.19,0.415,,6.261610839954422,1.3499999999999999,1.1666667,6.0,17.833333,10.333333,,,,,,,,,,,,,
488,2020,12,16,W,BY,3.0,BY3-H,H,08:12:00,16.8,31.9,8.09,10.22,103.4,18.4,0.02,0.54,0.14,0.289,,4.1253400795456105,1.25,4.0,3.6666667,17.333333,2.0,,,,,,,,,,,,,
489,2020,12,16,W,BY,3.0,BY3-M,M,07:57:00,17.2,33.0,8.09,9.23,96.7,31.6,0.03,0.48,0.15,0.25,,4.359255677834238,0.44999999999999996,0.3333333,2.0,22.666667,5.6666667,,,,,,,,,,,,,
490,2020,12,16,W,BY,3.0,BY3-L,L,07:41:00,16.5,32.6,8.05,9.73,100.0,48.1,0.02,0.53,0.12,0.332,,3.842051086813151,1.3166666666666667,1.1666667,3.3333333,20.5,1.6666667,,,,,,,,,,,,,
491,2020,12,17,W,G1,1.0,G1-1-H,H,07:17:00,15.7,29.4,8.08,9.94,100.7,41.7,0.03,0.38,0.17,0.284,,3.3937661757259368,32.833333333333336,25.0,0.0,0.0,0.0,,,,,,,,,,,,,
492,2020,12,17,W,G1,1.0,G1-1-M,M,07:08:00,16.9,32.5,8.08,9.38,97.2,46.2,0.02,0.39,0.13,0.221,,2.5415001216120636,9.333333333333334,25.0,0.0,0.0,0.0,,,,,,,,,,,,,
493,2020,12,17,W,G1,1.0,G1-1-L,L,06:54:00,16.6,32.5,8.05,9.59,98.2,42.8,0.02,0.44,0.12,0.25,,3.819065413104424,1.7666666666666666,4.8333333,0.0,20.166667,10.5,,,,,,,,,,,,,
494,2020,12,17,W,G1,3.0,G1-3-H,H,08:17:00,15.9,32.7,8.13,10.51,107.0,11.7,0.02,0.44,0.21,0.207,,2.4855008650675616,1.0666666666666667,2.8333333,0.0,22.166667,3.8333333,,,,,,,,,,,,,
495,2020,12,17,W,G1,3.0,G1-3-M,M,07:40:00,16.4,32.6,8.15,9.82,100.7,71.7,0.02,0.42,0.11,0.255,,3.40334711092843,1.4833333333333334,5.3333333,0.0,19.666667,8.0,,,,,,,,,,,,,
496,2020,12,17,W,G1,3.0,G1-3-L,L,07:28:00,17.0,32.5,8.08,9.55,102.8,46.3,0.03,0.4,0.16,0.274,,4.702146537705829,0.8333333333333335,2.8333333,0.0,23.166667,8.6666667,,,,,,,,,,,,,
497,2020,12,17,W,G2,1.0,G2-1-H,H,07:17:00,15.8,31.8,8.14,10.13,102.1,51.4,0.03,0.39,0.16,0.352,,2.5618710737537724,1.5166666666666668,11.333333,0.0,13.666667,0.0,,,,,,,,,,,,,
498,2020,12,17,W,G2,1.0,G2-1-M,M,07:07:00,15.7,31.8,8.16,10.19,102.7,38.9,0.03,0.41,0.14,0.289,,0.33934190881898596,0.85,5.6666667,0.0,19.333333,13.333333,,,,,,,,,,,,,
499,2020,12,17,W,G2,1.0,G2-1-L,L,06:58:00,15.7,32.0,8.06,9.67,97.2,4.9,0.02,0.46,0.12,0.26,,1.0349082795965603,1.3499999999999999,10.666667,0.0,14.333333,11.0,,,,,,,,,,,,,
500,2020,12,17,W,G2,3.0,G2-3-H,H,08:16:00,15.9,32.2,8.27,11.73,118.7,8.2,0.02,0.44,0.07,0.207,,0.32360296684775386,0.8166666666666668,10.333333,0.0,14.666667,4.0,,,,,,,,,,,,,
501,2020,12,17,W,G2,3.0,G2-3-M,M,08:00:00,15.5,32.0,8.23,11.32,113.4,15.4,0.02,0.47,0.07,0.212,,1.5651888596542443,0.9499999999999998,3.3333333,0.0,21.666667,6.3333333,,,,,,,,,,,,,
502,2020,12,17,W,G2,3.0,G2-3-L,L,07:48:00,16.1,31.9,8.16,9.95,101.0,7.1,0.02,0.55,0.06,0.197,,0.8755619458424277,0.9500000000000001,4.3333333,0.0,20.666667,6.6666667,,,,,,,,,,,,,
503,2020,12,16,W,KS,1.0,KS1-H,H,06:22:00,15.3,30.8,8.03,9.89,98.7,4.5,0.01,0.26,0.06,0.149,,0.18265347977293403,0.75,4.3333333,0.6666667,20.0,8.0,,,,,,,,,,,,,
504,2020,12,16,W,KS,1.0,KS1-M,M,06:16:00,16.7,31.9,8.12,9.46,97.5,33.7,0.02,0.21,0.07,0.183,,1.8481687936135622,0.9,3.6666667,1.6666667,19.666667,6.0,,,,,,,,,,,,,
505,2020,12,16,W,KS,1.0,KS1-L,L,06:09:00,17.7,32.2,8.03,8.96,94.5,66.6,0.02,0.23,0.07,0.202,,3.2141812058255024,0.9,2.6666667,0.0,22.333333,3.6666667,,,,,,,,,,,,,
506,2020,12,16,W,KS,2.0,KS2-H,H,07:01:00,15.1,29.0,8.18,10.13,100.7,4.2,0.04,0.68,0.44,0.183,,0.7236271460850177,1.2,5.0,1.3333333,18.666667,7.6666667,,,,,,,,,,,,,
507,2020,12,16,W,KS,2.0,KS2-M,M,06:52:00,15.2,29.0,8.13,10.13,100.9,6.5,0.02,0.76,0.28,0.183,,0.5025368518694177,0.9333333333333332,8.0,4.3333333,12.666667,2.0,,,,,,,,,,,,,
508,2020,12,16,W,KS,2.0,KS2-L,L,06:47:00,16.2,29.9,8.01,9.43,95.9,6.2,0.04,0.66,0.3,0.245,,1.0089630267493883,0.6166666666666666,1.3333333,1.3333333,22.333333,0.0,,,,,,,,,,,,,
509,2020,12,16,W,KS,3.0,KS3-H,H,07:30:00,15.6,31.5,8.16,10.97,110.1,14.4,0.02,0.31,0.07,0.144,,1.3962030934609966,0.7166666666666667,4.6666667,1.0,19.333333,0.0,,,,,,,,,,,,,
510,2020,12,16,W,KS,3.0,KS3-M,M,07:26:00,15.6,31.8,8.14,10.0,100.3,4.3,ND<0.00095,0.35,0.08,0.149,,0.38901332040184744,1.1166666666666665,8.6666667,2.6666667,13.666667,0.0,,,,,,,,,,,,,
511,2020,12,16,W,KS,3.0,KS3-L,L,07:24:00,15.6,31.6,8.17,10.33,104.0,9.5,0.02,0.31,0.07,0.245,,0.6449173860615982,0.9333333333333332,14.333333,3.0,7.6666667,3.0,,,,,,,,,,,,,
512,2020,12,16,,KS,1.0,KS1滿,滿,12:26:00,18.5,32.2,8.04,9.73,103.9,70.9,0.03,0.18,0.07,0.308,,,,,,,,,,,,,,,,,,,,
513,2020,12,16,,KS,2.0,KS2滿,滿,12:42:00,16.5,31.6,8.06,9.91,101.5,92.0,0.04,0.27,0.11,0.361,,,,,,,,,,,,,,,,,,,,
514,2020,12,16,,KS,3.0,KS3滿,滿,12:53:00,18.4,32.0,8.04,9.73,103.7,97.0,0.03,0.23,0.1,0.39,,,,,,,,,,,,,,,,,,,,
515,2020,12,16,,G1,,G1滿,滿,12:26:00,17.9,32.1,8.03,9.53,102.0,84.0,0.03,0.37,0.2,0.337,,,,,,,,,,,,,,,,,,,,
516,2020,12,16,,G2,,G2滿,滿,12:53:00,18.5,32.6,8.14,9.63,103.0,68.4,0.03,0.26,0.14,0.255,,,,,,,,,,,,,,,,,,,,
517,2021,1,15,W,BY,1.0,BY1-H,H,07:12:00,11.3,32.8,8.1,10.93,100.1,11.3,0.02,0.23,0.13,0.132,,,0.5,,,,,,,,,,,,,,,,,
518,2021,1,15,W,BY,1.0,BY1-M,M,06:59:00,11.8,32.6,7.99,10.5,96.5,8.3,0.02,0.41,0.13,0.132,,,0.8833333333333333,,,,,,,,,,,,,,,,,
519,2021,1,15,W,BY,1.0,BY1-L,L,06:55:00,13.2,32.3,7.98,10.22,97.6,4.5,0.02,0.33,0.08,0.122,,,0.6,,,,,,,,,,,,,,,,,
520,2021,1,15,W,BY,2.0,BY2-H,H,07:27:00,12.1,32.8,8.1,10.94,102.1,2.3,0.02,0.25,0.09,0.086,,,1.133333333333333,,,,,,,,,,,,,,,,,
521,2021,1,15,W,BY,2.0,BY2-M,M,07:35:00,13.8,33.7,8.06,10.25,99.3,7.5,0.01,0.26,0.12,0.117,,,0.26666666666666666,,,,,,,,,,,,,,,,,
522,2021,1,15,W,BY,2.0,BY2-L,L,07:45:00,13.6,33.6,8.12,10.41,100.4,13.9,0.02,0.27,0.08,0.147,,,0.5333333333333333,,,,,,,,,,,,,,,,,
523,2021,1,15,W,BY,3.0,BY3-H,H,08:10:00,13.6,33.8,8.12,11.06,106.5,3.5,0.02,0.31,0.1,0.117,,,0.7833333333333333,,,,,,,,,,,,,,,,,
524,2021,1,15,W,BY,3.0,BY3-M,M,07:58:00,14.9,33.4,8.07,9.77,97.2,7.5,0.02,0.29,0.12,0.086,,,0.3,,,,,,,,,,,,,,,,,
525,2021,1,15,W,BY,3.0,BY3-L,L,07:49:00,15.1,33.4,8.1,9.85,98.2,17.5,0.02,0.26,0.11,0.219,,,0.11666666666666668,,,,,,,,,,,,,,,,,
526,2021,1,16,W,G1,1.0,G1-1-H,H,06:30:00,15.6,33.5,8.21,9.16,91.4,8.7,0.01,0.21,0.11,0.209,,,35.333333333333336,,,,,,,,,,,,,,,,,
527,2021,1,16,W,G1,1.0,G1-1-M,M,06:45:00,15.5,33.0,8.18,8.18,82.5,12.6,0.01,0.2,0.09,0.163,,,6.716666666666666,,,,,,,,,,,,,,,,,
528,2021,1,16,W,G1,1.0,G1-1-L,L,06:50:00,15.6,33.6,8.2,8.96,90.0,13.4,0.01,0.23,0.09,0.168,,,0.9500000000000001,,,,,,,,,,,,,,,,,
529,2021,1,16,W,G1,3.0,G1-3-H,H,07:44:00,15.4,33.9,8.13,9.64,96.9,4.4,0.01,0.24,0.1,0.153,,,4.966666666666667,,,,,,,,,,,,,,,,,
530,2021,1,16,W,G1,3.0,G1-3-M,M,07:14:00,15.7,34.1,8.18,9.45,95.3,7.7,0.01,0.23,0.1,0.142,,,0.7000000000000001,,,,,,,,,,,,,,,,,
531,2021,1,16,W,G1,3.0,G1-3-L,L,07:10:00,16.1,33.6,8.17,9.71,99.0,16.2,0.01,0.22,0.08,0.178,,,0.3833333333333333,,,,,,,,,,,,,,,,,
532,2021,1,16,W,G2,1.0,G2-1-H,H,07:07:00,15.2,33.9,8.1,9.75,97.2,16.4,0.02,0.22,0.08,0.153,,,4.75,,,,,,,,,,,,,,,,,
533,2021,1,16,W,G2,1.0,G2-1-M,M,07:04:00,15.1,34.0,8.1,9.86,98.0,7.1,0.01,0.22,0.07,0.075,,,0.8000000000000002,,,,,,,,,,,,,,,,,
534,2021,1,16,W,G2,1.0,G2-1-L,L,06:57:00,15.1,34.0,7.99,9.52,94.8,6.2,0.01,0.25,0.07,0.127,,,0.8833333333333333,,,,,,,,,,,,,,,,,
535,2021,1,16,W,G2,3.0,G2-3-H,H,07:33:00,14.1,33.7,8.15,10.5,102.2,6.1,0.01,0.2,0.1,0.07,,,1.9666666666666666,,,,,,,,,,,,,,,,,
536,2021,1,16,W,G2,3.0,G2-3-M,M,07:28:00,14.6,33.9,8.13,10.22,100.3,7.0,0.01,0.22,0.09,0.235,,,0.6,,,,,,,,,,,,,,,,,
537,2021,1,16,W,G2,3.0,G2-3-L,L,07:23:00,15.8,33.9,8.12,9.35,94.4,21.4,0.01,0.22,0.1,0.096,,,0.7666666666666666,,,,,,,,,,,,,,,,,
538,2021,1,15,W,KS,1.0,KS1-H,H,07:19:00,11.1,33.5,8.06,11.8,102.5,3.5,0.01,0.27,0.14,0.132,,,1.2833333333333334,,,,,,,,,,,,,,,,,
539,2021,1,15,W,KS,1.0,KS1-M,M,07:14:00,13.1,32.2,8.08,10.34,99.3,12.7,0.01,0.25,0.15,0.111,,,1.1166666666666667,,,,,,,,,,,,,,,,,
540,2021,1,15,W,KS,1.0,KS1-L,L,07:08:00,15.0,33.6,8.0,9.07,89.6,15.7,0.02,0.25,0.11,0.086,,,0.9333333333333332,,,,,,,,,,,,,,,,,
541,2021,1,15,W,KS,2.0,KS2-H,H,07:53:00,11.0,33.6,8.14,11.85,107.5,3.9,0.01,0.23,0.11,0.091,,,0.9500000000000001,,,,,,,,,,,,,,,,,
542,2021,1,15,W,KS,2.0,KS2-M,M,07:48:00,11.5,33.4,8.13,12.12,110.9,2.6,0.02,0.32,0.09,0.117,,,0.7833333333333333,,,,,,,,,,,,,,,,,
543,2021,1,15,W,KS,2.0,KS2-L,L,07:42:00,13.6,31.8,8.1,10.35,99.4,4.5,0.01,0.37,0.08,0.158,,,0.9666666666666668,,,,,,,,,,,,,,,,,
544,2021,1,15,W,KS,3.0,KS3-H,H,08:19:00,12.9,33.4,8.15,12.37,117.2,6.3,0.02,0.24,0.12,0.132,,,2.5500000000000003,,,,,,,,,,,,,,,,,
545,2021,1,15,W,KS,3.0,KS3-M,M,08:15:00,13.6,33.7,8.12,11.72,114.2,5.4,0.01,0.22,0.07,0.096,,,0.6333333333333334,,,,,,,,,,,,,,,,,
546,2021,1,15,W,KS,3.0,KS3-L,L,08:11:00,13.7,33.7,8.13,10.65,102.1,28.6,0.01,0.22,0.07,0.219,,,0.7666666666666666,,,,,,,,,,,,,,,,,
547,2021,1,15,,KS,1.0,KS1滿,滿,12:50:00,17.4,33.6,8.04,10.44,108.9,14.5,0.02,0.24,0.12,0.183,,,,,,,,,,,,,,,,,,,,
548,2021,1,15,,KS,2.0,KS2滿,滿,13:05:00,16.9,26.3,8.01,10.04,103.6,44.5,0.03,0.38,0.37,0.471,,,,,,,,,,,,,,,,,,,,
549,2021,1,15,,KS,3.0,KS3滿,滿,13:14:00,17.6,33.2,8.06,10.24,107.3,21.3,0.02,0.19,0.09,0.173,,,,,,,,,,,,,,,,,,,,
550,2021,1,15,,G1,,G1滿,滿,13:43:00,19.3,33.4,8.07,9.14,100.0,27.0,0.02,0.23,0.13,0.173,,,,,,,,,,,,,,,,,,,,
551,2021,1,15,,G2,,G2滿,滿,12:52:00,18.7,33.7,8.11,9.56,102.6,18.7,0.02,0.22,0.15,0.147,,,,,,,,,,,,,,,,,,,,
552,2021,2,1,W,BY,1.0,BY1-H,H,06:52:00,13.8,32.4,8.02,9.96,95.8,8.7,0.02,0.34,0.07,0.151,,4.690882329208557,1.7166666666666666,7.0,2.0,16.0,8.0,,,,,,,,,,,,,
553,2021,2,1,W,BY,1.0,BY1-M,M,06:45:00,14.2,32.3,7.93,9.02,87.6,7.3,0.02,0.45,0.07,0.142,,8.046908312556132,1.5833333333333333,4.0,3.3333333,17.666667,9.6666667,,,,,,,,,,,,,
554,2021,2,1,W,BY,1.0,BY1-L,L,06:42:00,15.4,32.6,7.95,9.09,91.1,30.4,0.02,0.38,0.09,0.263,,7.65901383203895,0.8000000000000002,2.6666667,0.5,21.833333,3.8333333,,,,,,,,,,,,,
555,2021,2,1,W,BY,2.0,BY2-H,H,06:59:00,13.8,32.7,8.05,10.11,97.4,10.9,0.02,0.3,0.09,0.16,,3.3850132084799376,1.3833333333333335,5.3333333,7.3333333,12.333333,8.0,,,,,,,,,,,,,
556,2021,2,1,W,BY,2.0,BY2-M,M,07:05:00,15.3,32.9,8.03,9.77,96.8,15.5,0.02,0.31,0.11,0.156,,5.3751042152217865,0.10000000000000002,0.0,4.0,21.0,9.0,,,,,,,,,,,,,
557,2021,2,1,W,BY,2.0,BY2-L,L,07:11:00,14.8,32.9,8.04,9.95,97.6,7.8,0.02,0.32,0.11,0.12,,3.081981785819611,1.2500000000000002,3.0,6.0,16.0,11.0,,,,,,,,,,,,,
558,2021,2,1,W,BY,3.0,BY3-H,H,07:32:00,14.8,32.8,8.07,9.97,98.0,22.2,0.02,0.31,0.13,0.142,,2.6634997864349765,0.4000000000000001,0.5,5.5,19.0,3.0,,,,,,,,,,,,,
559,2021,2,1,W,BY,3.0,BY3-M,M,07:22:00,15.7,33.2,8.04,9.5,95.0,10.5,0.02,0.32,0.45,0.151,,3.6521470548686694,0,0.0,2.8333333,22.166667,2.3333333,,,,,,,,,,,,,
560,2021,2,1,W,BY,3.0,BY3-L,L,07:17:00,15.6,32.6,8.01,9.51,94.9,15.4,0.02,0.29,0.09,0.2,,3.5512625334055157,0.016666666666666666,0.0,2.1666667,22.833333,3.6666667,,,,,,,,,,,,,
561,2021,2,2,W,G1,1.0,G1-1-H,H,06:48:00,15.4,32.8,8.0,9.69,96.4,16.0,0.02,0.26,0.09,0.156,,3.363941908863728,31.833333333333332,,,,,,,,,,,,,,,,,
562,2021,2,2,W,G1,1.0,G1-1-M,M,06:55:00,15.6,33.0,8.0,9.75,97.5,19.0,0.02,0.26,0.06,0.125,,3.3808162332514584,0.9166666666666666,2.1666667,0.0,22.833333,2.5,,,,,,,,,,,,,
563,2021,2,2,W,G1,1.0,G1-1-L,L,07:03:00,15.7,32.9,8.01,9.68,97.0,11.4,0.02,0.25,0.06,0.12,,2.9168587086742983,0.9666666666666668,0.6666667,0.0,24.333333,9.8333333,,,,,,,,,,,,,
564,2021,2,2,W,G1,3.0,G1-3-H,H,08:03:00,15.4,31.6,8.08,9.96,99.5,2.6,0.02,0.18,0.35,0.125,,2.1729558143178678,1.5833333333333333,4.1666667,0.0,20.833333,15.333333,,,,,,,,,,,,,
565,2021,2,2,W,G1,3.0,G1-3-M,M,07:47:00,15.8,32.9,8.02,9.82,98.7,9.4,0.02,0.25,0.07,0.133,,2.0716287932585997,1.5166666666666666,4.0,0.0,21.0,15.166667,,,,,,,,,,,,,
566,2021,2,2,W,G1,3.0,G1-3-L,L,07:36:00,15.9,32.7,8.01,9.66,97.0,18.4,0.02,0.24,0.07,0.102,,3.651512492931658,0.5166666666666666,1.0,0.0,24.0,4.0,,,,,,,,,,,,,
567,2021,2,2,W,G2,1.0,G2-1-H,H,07:31:00,15.6,33.4,8.11,10.23,102.9,7.6,0.02,0.23,0.14,0.151,,2.532895424920253,1.3500000000000003,3.6666667,0.3333333,21.0,5.3333333,,,,,,,,,,,,,
568,2021,2,2,W,G2,1.0,G2-1-M,M,07:21:00,15.6,33.4,8.03,10.2,100.2,5.0,0.02,0.23,0.08,0.107,,5.691922883786312,3.8666666666666667,2.1666667,0.0,23.166667,11.333333,,,,,,,,,,,,,
569,2021,2,2,W,G2,1.0,G2-1-L,L,07:16:00,15.2,33.4,8.1,10.48,104.3,15.3,0.02,0.25,0.08,0.142,,1.7666093213787675,0.5499999999999999,0.1666667,0.0,24.833333,6.0,,,,,,,,,,,,,
570,2021,2,2,W,G2,3.0,G2-3-H,H,08:08:00,15.0,33.5,8.15,11.31,112.2,7.8,0.02,0.22,0.07,0.151,,6.145172730891125,0.9,5.3333333,0.0,19.666667,0.0,,,,,,,,,,,,,
571,2021,2,2,W,G2,3.0,G2-3-M,M,07:44:00,15.1,33.4,8.14,11.4,113.1,4.3,0.02,0.22,0.07,0.12,,0.20352953048648795,1.6333333333333335,4.0,0.0,21.0,9.3333333,,,,,,,,,,,,,
572,2021,2,2,W,G2,3.0,G2-3-L,L,07:36:00,15.7,33.4,8.14,10.43,105.0,16.6,0.02,0.25,0.08,0.111,,1.2658384999460375,0.65,2.5,0.0,22.5,3.0,,,,,,,,,,,,,
573,2021,2,1,W,KS,1.0,KS1-H,H,06:35:00,13.8,33.3,8.14,9.54,92.1,10.6,0.02,0.3,0.08,0.182,,6.455698728157226,1.5666666666666664,3.3333333,0.0,21.666667,10.333333,,,,,,,,,,,,,
574,2021,2,1,W,KS,1.0,KS1-M,M,06:30:00,14.9,33.2,8.12,9.6,95.0,4.9,0.02,0.32,0.11,0.151,,1.7547921437488352,1.6333333333333335,3.6666667,1.0,20.333333,8.3333333,,,,,,,,,,,,,
575,2021,2,1,W,KS,1.0,KS1-L,L,06:25:00,15.0,33.3,8.07,9.55,94.6,10.7,0.02,0.33,0.09,0.138,,5.420158968252385,1.5333333333333332,2.6666667,0.6666667,21.666667,6.6666667,,,,,,,,,,,,,
576,2021,2,1,W,KS,2.0,KS2-H,H,07:12:00,13.7,32.4,8.1,10.62,102.2,4.8,0.02,0.36,0.06,0.151,,0.21331937456324687,1.9166666666666667,5.3333333,1.0,18.666667,2.6666667,,,,,,,,,,,,,
577,2021,2,1,W,KS,2.0,KS2-M,M,07:07:00,14.0,33.2,8.11,10.77,104.4,3.8,0.02,0.32,0.07,0.12,,1.7652096047165473,1.55,3.3333333,6.3333333,15.333333,5.3333333,,,,,,,,,,,,,
578,2021,2,1,W,KS,2.0,KS2-L,L,07:01:00,14.9,32.4,8.1,8.14,85.5,12.1,0.02,0.34,0.12,0.111,,1.799148167633896,2.533333333333333,1.6666667,1.3333333,22.333333,5.3333333,,,,,,,,,,,,,
579,2021,2,1,W,KS,3.0,KS3-H,H,07:39:00,14.6,33.4,8.08,11.19,109.4,3.7,0.02,0.29,0.08,0.125,,1.0551696733413398,1.3666666666666665,4.0,3.3333333,17.666667,1.6666667,,,,,,,,,,,,,
580,2021,2,1,W,KS,3.0,KS3-M,M,07:36:00,14.8,33.4,8.09,10.52,103.8,9.6,0.02,0.3,0.08,0.129,,2.8806906936063563,1.8333333333333333,4.3333333,1.6666667,19.0,5.0,,,,,,,,,,,,,
581,2021,2,1,W,KS,3.0,KS3-L,L,07:30:00,14.7,33.2,8.08,9.83,97.2,6.1,0.02,0.31,0.08,0.138,,1.1527578121782103,5.6000000000000005,3.3333333,2.3333333,19.333333,1.6666667,,,,,,,,,,,,,
582,2021,2,1,,KS,1.0,KS1滿,滿,13:21:00,17.1,33.2,8.07,10.3,106.5,17.4,0.02,0.3,0.12,0.138,,,,,,,,,,,,,,,,,,,,
583,2021,2,1,,KS,2.0,KS2滿,滿,13:35:00,16.9,33.2,8.11,9.93,102.5,45.8,0.02,0.29,0.11,0.218,,,,,,,,,,,,,,,,,,,,
584,2021,2,1,,KS,3.0,KS3滿,滿,13:43:00,16.8,33.3,8.09,10.1,104.0,16.9,0.02,0.26,0.13,0.182,,,,,,,,,,,,,,,,,,,,
585,2021,2,1,,G1,,G1滿,滿,14:00:00,18.3,32.9,8.03,9.6,101.6,31.9,0.02,0.29,0.09,0.227,,,,,,,,,,,,,,,,,,,,
586,2021,2,1,,G2,,G2滿,滿,13:35:00,17.5,32.9,8.06,9.79,102.5,17.3,0.02,0.28,0.12,0.178,,,,,,,,,,,,,,,,,,,,
587,2021,3,29,SP,BY,1.0,BY1-H,H,15:21:00,22.6,33.7,51.3,8.3,11.76,137.4,0.02,0.12,0.09,0.091,,,1.05,,,,,,,,,,,,,,,,,
588,2021,3,29,SP,BY,1.0,BY1-M,M,15:02:00,22.3,33.6,51.3,8.14,11.9,129.4,0.02,0.12,0.07,0.085,,,1.4166666666666667,,,,,,,,,,,,,,,,,
589,2021,3,29,SP,BY,1.0,BY1-L,L,15:14:00,22.0,33.6,51.5,8.32,11.23,127.8,0.02,0.12,0.06,0.075,,,1.25,,,,,,,,,,,,,,,,,
590,2021,3,29,SP,BY,2.0,BY2-H,H,15:52:00,22.0,32.8,50.2,8.2,8.97,102.9,0.01,0.13,0.05,0.092,,,1.2666666666666668,,,,,,,,,,,,,,,,,
591,2021,3,29,SP,BY,2.0,BY2-M,M,15:40:00,21.5,33.7,51.5,8.22,10.39,117.6,0.02,0.11,0.07,0.065,,,0.7833333333333332,,,,,,,,,,,,,,,,,
592,2021,3,29,SP,BY,2.0,BY2-L,L,15:45:00,21.6,33.7,51.5,8.25,10.25,107.1,0.02,0.11,0.05,0.075,,,1.1833333333333333,,,,,,,,,,,,,,,,,
593,2021,3,29,SP,BY,3.0,BY3-H,H,16:16:00,21.4,33.6,51.3,8.2,10.14,116.0,0.01,0.18,0.07,0.063,,,0.7333333333333334,,,,,,,,,,,,,,,,,
594,2021,3,29,SP,BY,3.0,BY3-M,M,16:08:00,21.0,33.9,51.8,8.21,9.89,111.5,0.02,0.12,0.08,0.071,,,0.3166666666666667,,,,,,,,,,,,,,,,,
595,2021,3,29,SP,BY,3.0,BY3-L,L,16:03:00,21.0,33.9,51.8,8.21,10.32,116.9,0.01,0.12,0.06,0.078,,,0.8833333333333334,,,,,,,,,,,,,,,,,
596,2021,3,30,SP,G1,1.0,G1-1-H,H,05:36:00,21.3,33.8,51.6,8.0,8.03,91.5,0.01,0.12,0.1,0.077,,,19.75,,,,,,,,,,,,,,,,,
597,2021,3,30,SP,G1,1.0,G1-1-M,M,05:42:00,21.7,32.0,49.2,8.01,8.48,96.8,0.01,0.13,0.15,0.087,,,4.533333333333333,,,,,,,,,,,,,,,,,
598,2021,3,30,SP,G1,1.0,G1-1-L,L,05:47:00,21.6,33.8,51.6,8.03,8.22,93.5,0.01,0.12,0.09,0.073,,,0.9833333333333334,,,,,,,,,,,,,,,,,
599,2021,3,30,SP,G1,3.0,G1-3-H,H,06:28:00,21.7,33.6,51.4,8.04,7.97,91.4,0.01,0.09,0.17,0.049,,,0.6833333333333332,,,,,,,,,,,,,,,,,
600,2021,3,30,SP,G1,3.0,G1-3-M,M,06:06:00,21.3,33.9,51.9,8.06,8.25,94.0,0.01,0.1,0.11,0.064,,,1.05,,,,,,,,,,,,,,,,,
601,2021,3,30,SP,G1,3.0,G1-3-L,L,06:01:00,21.3,33.9,51.8,8.06,8.02,91.2,0.01,0.07,0.08,0.091,,,0.4166666666666667,,,,,,,,,,,,,,,,,
602,2021,3,30,SP,G2,1.0,G2-1-H,H,06:00:00,21.3,33.5,51.1,8.04,8.1,91.4,0.01,0.09,0.14,0.05,,,0.75,,,,,,,,,,,,,,,,,
603,2021,3,30,SP,G2,1.0,G2-1-M,M,05:54:00,21.4,33.6,51.4,8.05,8.19,92.5,0.01,0.09,0.1,0.045,,,0.7333333333333334,,,,,,,,,,,,,,,,,
604,2021,3,30,SP,G2,1.0,G2-1-L,L,05:48:00,21.2,33.7,51.5,7.99,8.13,91.6,0.01,0.09,0.14,0.056,,,0.6333333333333333,,,,,,,,,,,,,,,,,
605,2021,3,30,SP,G2,3.0,G2-3-H,H,06:27:00,22.1,33.5,51.2,8.05,8.3,95.0,0.01,0.05,0.09,0.037,,,1,,,,,,,,,,,,,,,,,
606,2021,3,30,SP,G2,3.0,G2-3-M,M,06:22:00,21.9,33.5,50.9,8.06,7.83,89.4,0.01,0.08,0.07,0.047,,,1.0833333333333333,,,,,,,,,,,,,,,,,
607,2021,3,30,SP,G2,3.0,G2-3-L,L,06:13:00,21.4,33.6,51.2,8.04,7.98,90.2,0.01,0.1,0.06,0.053,,,0.7666666666666666,,,,,,,,,,,,,,,,,
608,2021,3,29,SP,KS,1.0,KS1-H,H,15:06:00,24.3,32.9,50.2,8.16,9.69,115.7,0.01,0.08,0.06,0.063,,,1.1833333333333333,,,,,,,,,,,,,,,,,
609,2021,3,29,SP,KS,1.0,KS1-M,M,15:13:00,22.2,33.0,50.4,8.17,9.99,114.2,0.01,0.08,0.07,0.062,,,0.9333333333333332,,,,,,,,,,,,,,,,,
610,2021,3,29,SP,KS,1.0,KS1-L,L,15:17:00,22.0,33.3,50.8,8.2,10.17,116.3,0.02,0.06,0.06,0.053,,,1.1500000000000001,,,,,,,,,,,,,,,,,
611,2021,3,29,SP,KS,2.0,KS2-H,H,16:08:00,22.8,32.7,50.1,8.14,8.97,104.5,0.02,0.06,0.11,0.065,,,2.25,,,,,,,,,,,,,,,,,
612,2021,3,29,SP,KS,2.0,KS2-M,M,16:02:00,22.2,33.3,51.0,8.15,9.07,111.3,0.02,0.08,0.06,0.068,,,0.5833333333333334,,,,,,,,,,,,,,,,,
613,2021,3,29,SP,KS,2.0,KS2-L,L,15:55:00,21.9,33.3,50.8,8.2,9.25,105.5,0.01,0.07,0.05,0.094,,,0.43333333333333335,,,,,,,,,,,,,,,,,
614,2021,3,29,SP,KS,3.0,KS3-H,H,16:40:00,22.1,33.6,51.2,8.31,12.52,143.5,0.02,0.03,0.06,0.051,,,0.6,,,,,,,,,,,,,,,,,
615,2021,3,29,SP,KS,3.0,KS3-M,M,16:36:00,21.8,33.7,51.2,8.27,11.54,130.2,0.02,0.04,0.06,0.06,,,0.7999999999999999,,,,,,,,,,,,,,,,,
616,2021,3,29,SP,KS,3.0,KS3-L,L,16:30:00,21.9,33.7,51.3,8.25,10.1,115.2,0.02,0.04,0.08,0.051,,,0.6333333333333334,,,,,,,,,,,,,,,,,
617,2021,3,30,,KS,1.0,KS1滿,滿,12:19:00,23.2,33.5,51.1,8.08,8.51,99.7,0.01,0.04,0.09,0.062,,,,,,,,,,,,,,,,,,,,
618,2021,3,30,,KS,2.0,KS2滿,滿,12:33:00,23.4,30.1,46.4,8.07,8.51,100.1,0.03,0.16,1.08,0.538,,,,,,,,,,,,,,,,,,,,
619,2021,3,30,,KS,3.0,KS3滿,滿,12:40:00,22.7,33.6,51.3,8.15,8.58,99.5,0.01,0.03,0.08,0.047,,,,,,,,,,,,,,,,,,,,
620,2021,3,30,,G1,,G1滿,滿,12:27:00,24.4,33.4,51.8,8.12,8.08,98.4,0.01,0.09,0.06,0.06,,,,,,,,,,,,,,,,,,,,
621,2021,3,30,,G2,,G2滿,滿,12:50:00,23.0,34.1,52.0,8.19,8.55,101.6,0.01,0.09,0.06,0.042,,,,,,,,,,,,,,,,,,,,
622,2021,4,27,SP,BY,1.0,BY1-H,H,15:12:00,24.7,33.7,51.3,8.32,11.21,135.7,0.01,0.12,0.11,0.147,,,1.2333333333333334,,,,,,,,,,,,,,,,,
623,2021,4,27,SP,BY,1.0,BY1-M,M,15:07:00,24.0,33.2,50.8,8.16,9.84,116.7,0.01,0.18,0.11,0.175,,,1.5833333333333333,,,,,,,,,,,,,,,,,
624,2021,4,27,SP,BY,1.0,BY1-L,L,15:06:00,24.4,33.4,50.8,8.15,9.64,115.5,0.01,0.15,0.16,0.138,,,0.43333333333333335,,,,,,,,,,,,,,,,,
625,2021,4,27,SP,BY,2.0,BY2-H,H,15:23:00,24.5,33.7,51.3,8.09,8.99,108.1,0.01,0.13,0.16,0.213,,,1.1666666666666667,,,,,,,,,,,,,,,,,
626,2021,4,27,SP,BY,2.0,BY2-M,M,15:30:00,24.6,33.7,51.3,8.14,9.16,109.6,0.01,0.14,0.09,0.133,,,1.5,,,,,,,,,,,,,,,,,
627,2021,4,27,SP,BY,2.0,BY2-L,L,15:41:00,24.5,33.9,51.5,8.14,8.59,103.1,0.01,0.12,0.11,0.133,,,2.033333333333333,,,,,,,,,,,,,,,,,
628,2021,4,27,SP,BY,3.0,BY3-H,H,16:20:00,24.2,32.1,49.1,8.35,10.79,128.9,0.02,0.22,0.14,0.128,,,0.6166666666666667,,,,,,,,,,,,,,,,,
629,2021,4,27,SP,BY,3.0,BY3-M,M,15:50:00,24.4,33.9,51.6,8.18,9.27,110.7,0.01,0.13,0.15,0.114,,,0.21666666666666667,,,,,,,,,,,,,,,,,
630,2021,4,27,SP,BY,3.0,BY3-L,L,15:43:00,24.4,33.9,51.6,8.14,9.5,113.2,0.01,0.12,0.13,0.128,,,0.2833333333333334,,,,,,,,,,,,,,,,,
631,2021,4,28,SP,G1,1.0,G1-1-H,H,16:38:00,23.0,31.0,46.8,8.14,7.5,88.3,0.01,0.15,0.19,0.037,,,43.833333333333336,,,,,,,,,,,,,,,,,
632,2021,4,28,SP,G1,1.0,G1-1-M,M,16:47:00,24.0,30.7,47.1,8.15,7.69,90.6,0.01,0.12,0.14,0.022,,,3.3333333333333335,,,,,,,,,,,,,,,,,
633,2021,4,28,SP,G1,1.0,G1-1-L,L,16:55:00,23.9,30.2,46.6,8.21,8.49,101.2,0.01,0.11,0.16,ND<0.0092,,,0.4166666666666667,,,,,,,,,,,,,,,,,
634,2021,4,28,SP,G1,3.0,G1-3-H,H,16:30:00,23.6,33.3,50.8,8.14,9.66,114.1,0.01,0.1,0.16,ND<0.0092,,,1.8,,,,,,,,,,,,,,,,,
635,2021,4,28,SP,G1,3.0,G1-3-M,M,16:20:00,24.0,33.4,50.8,8.14,8.84,104.8,0.02,0.1,0.16,ND<0.0092,,,0.6,,,,,,,,,,,,,,,,,
636,2021,4,28,SP,G1,3.0,G1-3-L,L,16:11:00,24.3,33.6,51.1,8.08,8.58,102.2,0.01,0.09,0.18,ND<0.0092,,,0.16666666666666666,,,,,,,,,,,,,,,,,
637,2021,4,28,SP,G2,1.0,G2-1-H,H,16:01:00,24.0,34.0,50.65,8.21,8.29,98.4,0.01,0.08,0.45,ND<0.0092,,,0.43333333333333335,,,,,,,,,,,,,,,,,
638,2021,4,28,SP,G2,1.0,G2-1-M,M,15:57:00,23.7,33.6,50.1,8.23,8.4,99.3,0.01,0.09,0.55,ND<0.0092,,,0.4666666666666666,,,,,,,,,,,,,,,,,
639,2021,4,28,SP,G2,1.0,G2-1-L,L,15:53:00,23.6,33.7,50.07,8.22,8.3,98.0,0.02,0.09,0.32,ND<0.0092,,,0.4666666666666666,,,,,,,,,,,,,,,,,
640,2021,4,28,SP,G2,3.0,G2-3-H,H,16:30:00,22.8,30.2,45.09,8.19,7.55,87.5,0.01,0.13,0.24,0.02,,,0.65,,,,,,,,,,,,,,,,,
641,2021,4,28,SP,G2,3.0,G2-3-M,M,16:24:00,22.7,31.8,47.05,8.25,8.36,96.9,0.01,0.1,0.2,ND<0.0092,,,0.5,,,,,,,,,,,,,,,,,
642,2021,4,28,SP,G2,3.0,G2-3-L,L,16:16:00,24.1,33.8,50.75,8.19,8.03,95.6,0.01,0.09,0.17,0.028,,,0.8166666666666668,,,,,,,,,,,,,,,,,
643,2021,4,27,SP,KS,1.0,KS1-H,H,14:29:00,24.4,33.9,50.49,8.09,8.48,101.3,0.01,0.09,0.21,0.105,,,1.0833333333333333,,,,,,,,,,,,,,,,,
644,2021,4,27,SP,KS,1.0,KS1-M,M,14:36:00,24.9,34.1,50.56,8.1,8.72,104.6,0.01,0.11,0.15,0.142,,,0.9500000000000001,,,,,,,,,,,,,,,,,
645,2021,4,27,SP,KS,1.0,KS1-L,L,14:42:00,24.5,34.1,50.68,8.12,9.23,110.8,0.01,0.11,0.12,0.1,,,0.5833333333333334,,,,,,,,,,,,,,,,,
646,2021,4,27,SP,KS,2.0,KS2-H,H,15:23:00,24.3,34.0,51.02,8.5,10.38,123.9,0.01,0.12,0.1,0.062,,,1.0166666666666668,,,,,,,,,,,,,,,,,
647,2021,4,27,SP,KS,2.0,KS2-M,M,15:18:00,24.2,33.9,50.3,8.48,10.64,126.5,0.01,0.14,0.1,0.076,,,0.7000000000000001,,,,,,,,,,,,,,,,,
648,2021,4,27,SP,KS,2.0,KS2-L,L,15:12:00,24.1,33.7,50.37,8.14,8.65,103.0,0.01,0.21,0.11,0.095,,,0.6999999999999998,,,,,,,,,,,,,,,,,
649,2021,4,27,SP,KS,3.0,KS3-H,H,15:51:00,23.6,34.6,51.12,8.56,10.3,121.6,0.01,0.07,0.1,0.076,,,0.8500000000000001,,,,,,,,,,,,,,,,,
650,2021,4,27,SP,KS,3.0,KS3-M,M,15:48:00,24.2,34.4,50.84,8.41,10.72,128.0,0.01,0.07,0.09,0.072,,,0.6,,,,,,,,,,,,,,,,,
651,2021,4,27,SP,KS,3.0,KS3-L,L,15:44:00,24.1,34.1,50.73,8.32,8.76,104.3,0.01,0.07,0.09,0.062,,,0.7000000000000001,,,,,,,,,,,,,,,,,
652,2021,4,28,,KS,1.0,KS1滿,滿,12:02:00,23.7,33.4,49.76,7.96,8.34,98.5,0.01,0.08,0.22,ND<0.0092,,,,,,,,,,,,,,,,,,,,
653,2021,4,28,,KS,2.0,KS2滿,滿,14:14:00,23.0,18.2,28.36,8.01,7.92,92.4,0.06,0.62,0.96,0.149,,,,,,,,,,,,,,,,,,,,
654,2021,4,28,,KS,3.0,KS3滿,滿,12:22:00,24.0,34.6,51.28,8.08,8.3,98.6,0.01,0.05,0.13,ND<0.0092,,,,,,,,,,,,,,,,,,,,
655,2021,4,28,,G1,,G1滿,滿,12:05:00,23.9,33.1,50.5,8.15,8.65,102.3,0.01,0.11,0.17,0.023,,,,,,,,,,,,,,,,,,,,
656,2021,4,28,,G2,,G2滿,滿,12:20:00,24.0,33.0,50.3,8.13,8.6,102.3,0.01,0.04,0.28,0.036,,,,,,,,,,,,,,,,,,,,
